Strain,beta-Caryophyllene,alpha-Humulene,beta-Pinene,alpha-Pinene,Linalool,Camphene,beta-Myrcene,Geraniol,trans-Nerolidol,Caryophyllene Oxide,delta-3-Carene,alpha-Terpinene,para-Cymene,beta-Ocimene,Eucalyptol,gamma-Terpinene,Terpinolene,cis-Nerolidol,alpha-Bisabolol,D-Limonene,Guaiol,Isopulegol,alpha-Ocimene
White Truffle (B),0.25,0.12,0.1,0.09,0.05,0.02,0.02,0.02,0.02,0.02,0.01,0.01,0.01,0.01,0.01,0.01,0.01,0.01,0.01,0,0,0,0
White Truffle (A),0,0.16,0.07,0.07,0.05,0.02,0.02,0.02,0.02,0.02,0.01,0.01,0.01,0.01,0.01,0.01,0.01,0.01,0.02,0.31,0,0,0
Mac Stomper (A),0.13,0.04,0.1,0.11,0.2,0.02,0.03,0,0.01,0.02,0.01,0.01,0.01,0.02,0.01,0.01,0.01,0.02,0.02,0,0.03,0,0
Mac Stomper (B),0.13,0.05,0.12,0.11,0.19,0.03,0.03,0.01,0.02,0.02,0.01,0.01,0.01,0.03,0.02,0.01,0.02,0.01,0.02,0,0.03,0,0
Black Ice (B),0,0.11,0.06,0.04,0.07,0.02,0.1,0.01,0.02,0.02,0.01,0.01,0.01,0.03,0.01,0.01,0.01,0.01,0.02,0.26,0,0,0
Trop Cherry,0.16,0.07,0.05,0.04,0.19,0.02,0.02,0.01,0.01,0.02,0.01,0.01,0.01,0.01,0.01,0.01,0.01,0.01,0.01,0,0,0,0
Black Ice (A),0,0.11,0.04,0.03,0.05,0.01,0.11,0.01,0.02,0.02,0.01,0.01,0.01,0.03,0.01,0.01,0.01,0.01,0.02,0.21,0,0,0
Blue Party Hat,0.12,0.06,0.07,0.05,0.15,0.02,0.27,0.01,0.01,0,0.01,0.01,0.01,0.04,0.02,0.01,0.02,0.01,0.01,0,0,0,0
RS11,0.14,0.06,0.07,0.05,0.17,0.02,0.03,0.02,0.02,0.02,0.01,0.01,0.01,0.01,0.01,0.01,0.01,0.01,0.02,0,0,0,0
Loud Mouth Grapes,0.14,0.06,0.13,0.14,0.12,0.03,0.04,0.01,0.02,0.02,0.01,0.01,0.01,0.04,0.02,0.01,0.01,0.01,0.02,0,0,0.01,0
Permanent Marker,0.16,0.07,0.09,0.08,0.29,0.02,0.03,0.02,0.02,0.02,0.01,0.01,0.01,0.04,0.02,0.01,0.01,0.01,0.02,0,0.01,0.01,0
Zkittles,0.17,0.05,0.07,0.04,0.27,0.02,0,0.01,0.04,0.02,0.01,0.01,0.01,0.01,0,0.01,0.01,0.01,0.01,0.32,0,0.01,0
Tropicana Cherry,0.16,0.07,0.04,0.03,0.15,0.01,0.02,0.01,0.01,0.02,0.01,0.01,0.01,0.01,0.01,0.01,0.01,0.01,0.01,0,0,0,0
MACv2,0.21,0.08,0.2,0.35,0.1,0.03,0.07,0.02,0.03,0.02,0.01,0.01,0.01,0.11,0.01,0.01,0.02,0.02,0.02,0,0.01,0,0.01
MUSK1,0.17,0.06,0.07,0.05,0.12,0.02,0.11,0,0.02,0.02,0.01,0.01,0.01,0.01,0,0.01,0.01,0.01,0.02,0,0,0,0
Purple Diesel,0.16,0.05,0.15,0.15,0.13,0.03,0.15,0.01,0.02,0.02,0.01,0.01,0.01,0.06,0.02,0.01,0.02,0.01,0.01,0,0,0.01,0
Runtz,0.14,0.05,0.05,0.03,0.16,0.02,0,0.01,0.01,0.02,0.01,0.01,0.01,0.01,0,0.01,0.01,0.01,0.01,0.16,0,0,0
MAC 1 Caps Cut,0.09,0.04,0.12,0.14,0.14,0.02,0.05,0.01,0.01,0.02,0.01,0.01,0.01,0.02,0.01,0.01,0.01,0.01,0.02,0,0,0,0
Ice Cream Cake,0,0.06,0.04,0.03,0.05,0.01,0.1,0.01,0.01,0.02,0.01,0.01,0.01,0.01,0,0.01,0.01,0.01,0.01,0.14,0,0,0
Permanent Marker,0.14,0.06,0.16,0.22,0.25,0.03,0.07,0.01,0.04,0.02,0.01,0.01,0.01,0.09,0.01,0.01,0.02,0.01,0.01,0,0.01,0.01,0
Twice Baked Mamas,0.03,0.02,0.17,0,0.01,0.02,0.25,0,0.01,0.02,0.01,0.01,0.01,0.01,0.02,0.01,0.01,0.01,0.01,0.12,0.02,0,0
Strawberry Cough,0.14,0.05,0.07,0.04,0.04,0.01,0.39,0.01,0.01,0.02,0.03,0.03,0.01,0.13,0.01,0.02,0,0.01,0.02,0.06,0,0,0
Han Solo Burger,0.33,0.13,0.06,0.04,0.04,0.02,0.25,0.01,0.01,0.02,0.01,0.01,0.01,0.01,0,0.01,0.01,0.01,0.04,0,0,0,0
Nutter Butter,0.26,0.11,0.05,0.03,0.13,0.02,0.07,0.01,0.01,0.02,0.01,0.01,0.01,0.01,0,0.01,0.01,0.01,0.01,0,0,0,0
Jelly Rancher,0,0.08,0.02,0.01,0.07,0.01,0.25,0.01,0.01,0.02,0.01,0,0.01,0.01,0,0.01,0.01,0.01,0.03,0.05,0,0,0.02
Lemon Creamsicle,0.06,0.03,0.09,0.18,0.08,0.02,0,0.01,0.01,0.02,0.01,0.01,0.01,0.01,0,0.01,0.01,0.01,0.01,0.14,0,0,0
Ya Hemi,0.12,0.06,0.05,0.03,0.1,0.02,0.06,0.01,0.01,0.02,0.01,0.01,0.01,0.01,0,0.01,0.01,0.01,0.02,0,0,0,0
Jokerz 31,0.18,0.06,0.07,0.05,0.15,0.02,0.08,0.02,0.03,0.02,0.01,0.01,0.01,0.03,0.01,0.01,0.01,0.01,0.02,0,0,0.01,0
Black Cherry Punch,0.24,0.09,0.1,0.15,0.12,0.02,0.13,0.01,0.01,0.02,0.01,0.01,0.01,0.06,0.02,0.01,0.02,0.01,0.02,0,0.04,0,0
Apple Fritter,0.36,0.12,0.11,0.16,0.12,0.02,0.04,0.01,0.01,0.02,0.01,0.01,0.01,0.05,0.01,0.01,0.01,0,0.02,0,0,0,0
Black Cherry Punch,0.24,0.09,0.1,0.15,0.12,0.02,0.13,0.01,0.01,0.02,0.01,0.01,0.01,0.06,0.02,0.01,0.02,0.01,0.02,0,0.04,0,0
Apple Fritter,0.36,0.12,0.11,0.16,0.12,0.02,0.04,0.01,0.01,0.02,0.01,0.01,0.01,0.05,0.01,0.01,0.01,0,0.02,0,0,0,0
Guava Tart,0.21,0.07,0.06,0.04,0.18,0.02,0.17,0.01,0.03,0.02,0.01,0.01,0.01,0.01,0,0.01,0.01,0.01,0.03,0,0,0,0
Gary Payton,0,0.08,0.03,0.02,0.12,0.01,0.12,0,0.02,0.02,0.01,0.01,0.01,0.01,0,0.01,0.01,0.02,0.03,0.17,0,0,0
Emergen-C,0.28,0.08,0.06,0.03,0.21,0.02,0,0.01,0.03,0.02,0.01,0.01,0.01,0.01,0,0.01,0.01,0.01,0.02,0.31,0.04,0.01,0
Sprout 1.4B,0.21,0.09,0.14,0.4,0.04,0.02,0,0.01,0.01,0.02,0.01,0.01,0.01,0.01,0.01,0.01,0.01,0.01,0.03,0.15,0,0,0
Sprout 1.4A,0.17,0.08,0.13,0.43,0.03,0.02,0,0,0.01,0.02,0.01,0.01,0.01,0.01,0.01,0.01,0.01,0.01,0.03,0.17,0,0.01,0
Frosted Biscotti #1,0.15,0.05,0.05,0.03,0.13,0.02,0.12,0.01,0.01,0.02,0.01,0.01,0.01,0.01,0,0.01,0.01,0.01,0.01,0,0,0,0
Nate's Viking Milk,0,0.16,0.07,0.04,0.12,0.02,0.14,0.02,0.01,0.02,0.01,0.01,0.01,0.01,0,0.01,0.01,0.01,0.01,0.29,0.03,0,0
SF,0.13,0.05,0.11,0.13,0.06,0.02,0.04,0,0.02,0.02,0.01,0.01,0.01,0.02,0.01,0.01,0.02,0.01,0.03,0,0.03,0.02,0
C,0.16,0.05,0.06,0.07,0.04,0.02,0.06,0,0.02,0.02,0.01,0.06,0.01,0.04,0.02,0.01,0.01,0.01,0.02,0,0.03,0,0.01
Black Vino,0.15,0.06,0.05,0.04,0.07,0.02,0.16,0.01,0.02,0,0.01,0.06,0.01,0.01,0,0.01,0.02,0.01,0.03,0,0,0,0
A,0.22,0.07,0.06,0.04,0.05,0.02,0.1,0,0.01,0.02,0.01,0.01,0.01,0.01,0.01,0.01,0.01,0.01,0.01,0,0.01,0,0
B,0.16,0.08,0.06,0.04,0.02,0.02,0.08,0,0.01,0.02,0.01,0.01,0.01,0.01,0.01,0.01,0.01,0.01,0.02,0,0.02,0,0
Wedding Cake,0,0,0,0,0,0,0,0,0,0,0,0,0,0,0,0,0,0,0,0,0,0,0
Pool Pupil23,0,0.05,0.02,0.03,0.03,0.01,0.07,0,0.01,0.03,0,0.01,0,0.02,0,0,0,0.01,0.03,0.02,0,0,0.01
PACBDCP23,0,0.05,0.03,0.04,0.03,0.01,0.05,0,0.01,0.02,0,0.01,0,0.02,0.01,0.01,0,0.01,0.04,0.02,0,0,0.01
Peach Chow Mein,0,0.16,0.02,0.02,0.05,0.01,0.12,0.02,0.02,0.03,0.01,0.01,0,0.02,0.02,0.01,0,0.01,0.06,0.04,0,0,0.02
Joe's Vermont Purple,0.22,0.08,0.07,0.25,0.03,0.01,0,0,0.02,0.02,0.01,0.02,0.01,0.06,0.02,0.01,0.01,0.01,0.03,0.05,0.01,0,0
Early Lemon Berry,0,0.1,0.04,0.03,0.02,0.02,0.16,0,0.01,0.03,0,0.03,0.01,0.04,0.02,0.01,0.02,0.01,0.01,0.11,0.03,0,0
ELB Outside,0,0.2,0.05,0.05,0.02,0.02,0.11,0,0.02,0.03,0.01,0.05,0.02,0.03,0.02,0.01,0.02,0.01,0.01,0.22,0.04,0,0
ELB Clone #4,0,0.14,0.05,0.04,0.03,0.02,0.22,0,0.01,0.03,0.01,0.04,0.01,0.06,0.02,0.01,0.02,0.01,0.01,0.18,0.04,0,0
GMO Flower,0.35,0.14,0.05,0.03,0.02,0.02,0,0.01,0.02,0.02,0.01,0.07,0.01,0.01,0,0.01,0.02,0.02,0.04,0.35,0,0,0
White Wedding,0,0.22,0.06,0.04,0.04,0.02,0.13,0.02,0.02,0.03,0,0.07,0.02,0.27,0,0,0.02,0.01,0.06,0.33,0,0,0
Black Berry Kush,0.13,0.07,0.07,0.1,0.15,0.02,0,0,0.03,0.02,0.01,0.01,0.01,0.32,0.08,0.01,0.02,0.01,0.04,0.15,0,0,0.01
F94,0.22,0.07,0.09,0.06,0.11,0.02,0.05,0,0.02,0.02,0.01,0.01,0.01,0.01,0,0.01,0.02,0.01,0.01,0,0,0,0
F95,0.09,0.04,0.05,0.04,0.06,0.02,0.15,0,0.01,0.03,0.01,0.01,0.01,0.01,0,0.01,0.02,0.01,0.01,0,0.03,0,0.09
F98,0.09,0.04,0.07,0.05,0.08,0.02,0,0.02,0.01,0,0.01,0.01,0.01,0.01,0.01,0.01,0.02,0.01,0.02,0.24,0,0,0
F99,0,0.15,0.08,0.08,0.09,0.02,0.03,0.02,0.02,0.03,0,0.05,0.02,0.02,0.02,0.02,0.02,0.01,0.01,0.2,0,0,0
F96,0.08,0.04,0.05,0.04,0.04,0.02,0.06,0.02,0.01,0,0.02,0.03,0.02,0.07,0.02,0.03,0,0.01,0.02,0.14,0,0.02,0
F114,0.04,0.02,0.08,0.05,0.09,0.02,0.25,0.02,0.01,0,0.01,0.01,0.01,0.01,0,0.01,0.02,0.01,0.01,0,0,0,0
F96,0.08,0.04,0.05,0.04,0.04,0.02,0.06,0.02,0.01,0,0.02,0.03,0.02,0.07,0.02,0.03,0,0.01,0.02,0.14,0,0.02,0
F100,0.1,0.04,0.08,0.05,0.29,0.02,0.32,0.02,0.01,0.02,0.01,0.01,0.01,0.01,0,0.01,0.02,0.01,0.01,0,0,0.02,0
F102,0.17,0.09,0.09,0.06,0.09,0.03,0.11,0.02,0.02,0.02,0.01,0.01,0.02,0.01,0,0.01,0.02,0.01,0.02,0,0,0,0
F133,0.36,0.13,0.08,0.05,0.09,0.02,0.29,0.01,0.02,0.02,0.01,0.01,0.01,0.02,0.01,0.01,0.04,0.01,0.03,0,0,0.02,0
F131,0.31,0.1,0.08,0.05,0.29,0.02,0.09,0.02,0.02,0.03,0.01,0.01,0.01,0.01,0,0.01,0.02,0.01,0.04,0,0.04,0,0
F129,0.25,0.09,0.13,0.15,0.19,0.03,0.06,0,0.02,0.03,0.01,0.01,0.02,0.03,0.02,0.01,0.02,0.01,0.04,0,0,0.02,0
F103,0.14,0.06,0.09,0.08,0.1,0.03,0.07,0.02,0.01,0,0.02,0.01,0.02,0.06,0.02,0.02,0.02,0.01,0.02,0,0,0,0.01
F108,0.23,0.08,0.07,0.05,0.17,0.02,0.07,0.02,0.03,0.02,0.01,0.06,0.01,0.25,0,0.01,0.02,0.01,0.03,0,0.03,0,0
F122,0.33,0.14,0.07,0.05,0.09,0.02,0.13,0.02,0.02,0.02,0.01,0.07,0.01,0.01,0,0.01,0.02,0.01,0.02,0,0,0,0
F125,0,0.1,0.08,0.08,0.1,0.02,0.07,0.02,0.01,0.03,0.01,0.01,0.01,0.04,0.02,0.01,0.02,0.01,0.03,0.27,0.04,0,0
F105,0.15,0.07,0.1,0.06,0.14,0.03,0.17,0.02,0.01,0.02,0.01,0.01,0.01,0.01,0,0.01,0.02,0.01,0.02,0,0.03,0.02,0
F99,0,0.15,0.08,0.08,0.09,0.02,0.03,0.02,0.02,0.03,0,0.05,0.02,0.02,0.02,0.02,0.02,0.01,0.01,0.2,0,0,0
F101,0.27,0.11,0.07,0.04,0.01,0.02,0.23,0.02,0.02,0.02,0.01,0.01,0.01,0.01,0,0.01,0.01,0.01,0.02,0,0,0,0
F130,0.11,0.05,0.07,0.05,0.18,0.02,0.24,0.01,0.01,0,0.01,0.01,0.01,0.01,0,0.01,0.02,0.02,0.02,0,0,0,0
F112,0,0.17,0.05,0.04,0.17,0.02,0.07,0.02,0.02,0.03,0.01,0.01,0.01,0.01,0,0.01,0.02,0.01,0.04,0.23,0.04,0,0
F104,0.26,0.11,0.07,0.04,0.02,0.02,0.15,0.02,0.02,0.03,0,0.07,0.02,0.01,0,0.02,0.02,0.01,0.03,0,0,0,0
F98,0.09,0.04,0.07,0.05,0.08,0.02,0,0.02,0.01,0,0.01,0.01,0.01,0.01,0.01,0.01,0.02,0.01,0.02,0.24,0,0,0
F113,0,0.1,0.06,0.04,0.14,0.02,0.04,0.02,0.02,0.03,0.01,0.05,0.01,0.16,0,0.01,0.02,0.01,0.03,0.19,0,0,0
F95,0.09,0.04,0.05,0.04,0.06,0.02,0.15,0,0.01,0.03,0.01,0.01,0.01,0.01,0,0.01,0.02,0.01,0.01,0,0.03,0,0.09
F128,0,0.12,0.06,0.04,0.12,0.02,0.05,0.02,0.02,0.02,0.01,0.05,0.01,0.02,0.01,0.01,0.02,0.01,0.03,0.25,0,0.02,0
F120,0.26,0.09,0.06,0.05,0.18,0.03,0.11,0,0.03,0.03,0.02,0.01,0.02,0.22,0,0.02,0.02,0.01,0.04,0,0,0,0
F124,0.19,0.07,0.05,0.03,0.14,0.02,0,0,0.01,0.03,0.02,0.04,0.02,0.02,0,0.02,0.02,0.01,0.02,0.14,0.03,0,0.07
F132,0.08,0.04,0.13,0.09,0.04,0.02,0.21,0.02,0.01,0,0.04,0.05,0.02,0.16,0.02,0.04,0,0.01,0,0.18,0,0,0
F115,0.12,0.05,0.07,0.05,0.17,0.02,0.05,0.01,0.02,0.02,0.01,0.08,0.01,0.02,0.01,0.01,0.02,0.01,0.02,0,0.01,0,0
F116,0.13,0.04,0.12,0.25,0.05,0.02,0.09,0.02,0.01,0.02,0.01,0.07,0.01,0.03,0.01,0.01,0.02,0.01,0.01,0,0.03,0.02,0
F118,0.16,0.06,0.04,0.03,0.05,0.02,0,0,0.01,0.03,0.02,0.03,0.02,0.01,0,0.02,0.02,0.01,0.01,0.1,0.03,0,0.05
F97,0.16,0.07,0.12,0.15,0.11,0.03,0.1,0,0.02,0.03,0.02,0.01,0.02,0.03,0.02,0.02,0.02,0.01,0.03,0,0,0,0
F110,0.24,0.11,0.08,0.05,0.28,0.02,0.2,0.02,0.02,0.02,0.01,0.01,0.01,0.01,0,0.01,0.02,0.01,0.03,0,0,0,0
F94,0.22,0.07,0.09,0.06,0.11,0.02,0.05,0,0.02,0.02,0.01,0.01,0.01,0.01,0,0.01,0.02,0.01,0.01,0,0,0,0
F34,0.16,0.06,0.07,0.05,0.15,0.02,0.23,0.02,0.02,0,0.01,0.01,0.01,0.01,0,0.01,0.02,0.01,0.02,0,0,0,0
F13,0,0.1,0.07,0.06,0.09,0.02,0.05,0.02,0.01,0.03,0.02,0.01,0.02,0.02,0,0.02,0.02,0.02,0.03,0.15,0,0,0
F7,0.12,0.07,0.12,0.16,0.13,0.03,0.06,0.02,0.01,0,0.02,0.01,0.02,0.05,0.02,0.02,0.02,0.01,0.02,0,0,0,0
F35,0,0.1,0.07,0.06,0.18,0.02,0.09,0.02,0.03,0.02,0.01,0.01,0.01,0.02,0.01,0.01,0.02,0.01,0.02,0.19,0,0.02,0
F33,0.36,0.13,0.1,0.09,0.07,0.03,0.07,0.02,0.03,0.02,0.01,0.01,0.02,0.03,0.02,0.01,0.02,0.01,0.02,0,0,0.02,0
F16,0.12,0.05,0.06,0.14,0.12,0.02,0,0.01,0.01,0.02,0.01,0.01,0.01,0.06,0.02,0.01,0.01,0.01,0.01,0.11,0,0,0
F3,0.34,0.12,0.05,0.03,0.05,0.02,0,0.02,0.02,0.03,0.02,0.02,0.01,0.05,0.01,0.02,0.17,0.01,0.03,0.17,0.01,0,0
F32,0.18,0.1,0.06,0.05,0.04,0.02,0.25,0.02,0.02,0.03,0.02,0.01,0.02,0.03,0.02,0.02,0.02,0.01,0.02,0,0,0,0
F27,0.16,0.07,0.16,0.21,0.21,0.03,0.11,0.02,0.02,0.03,0.02,0.01,0.02,0.04,0.02,0.02,0.02,0.01,0.04,0,0,0,0.01
F31,0.31,0.12,0.07,0.07,0.15,0.02,0.15,0.02,0.02,0.03,0.02,0.01,0.02,0.03,0.02,0.02,0.02,0.01,0.02,0,0,0,0
F8,0.12,0.05,0.04,0.03,0.14,0.02,0,0.02,0.02,0.04,0.02,0.01,0.02,0.04,0.02,0.02,0.02,0.01,0.02,0.15,0.03,0,0
F30,0.24,0.08,0.11,0.13,0.08,0.03,0.05,0.02,0.02,0.02,0.01,0.01,0.02,0.12,0.04,0.01,0.02,0.01,0.02,0,0,0,0.01
F28,0.17,0.06,0.04,0.03,0,0.02,0.03,0.01,0.04,0.02,0.01,0.01,0.01,0.01,0,0.01,0.01,0.01,0.01,0.19,0.01,0,0
F29,0,0.17,0.06,0.07,0.12,0.02,0.04,0.02,0.03,0.03,0,0.01,0.02,0.05,0.02,0.02,0.02,0.01,0.01,0.22,0.01,0,0.01
F25,0.28,0.1,0.07,0.05,0.24,0.02,0.16,0.02,0.02,0.02,0.01,0.01,0.01,0.01,0,0.01,0.02,0.01,0.05,0,0,0,0
F19,0.44,0.18,0.11,0.07,0.24,0.03,0.24,0.02,0.02,0.03,0.01,0.01,0.02,0.01,0,0.02,0.02,0.01,0.02,0,0,0,0.01
F4,0.2,0.07,0.06,0.05,0.09,0.02,0.17,0.02,0.02,0.02,0.01,0.01,0.01,0.02,0.01,0.01,0.02,0.01,0.04,0,0,0,0
F23,0.11,0.05,0.08,0.23,0.07,0.01,0,0.02,0.01,0.02,0.01,0.01,0.01,0.12,0.03,0.01,0.01,0.01,0.03,0.02,0,0,0
F18,0,0.2,0.1,0.11,0.14,0.03,0.06,0.02,0.02,0.03,0.02,0.07,0.02,0.05,0.02,0.02,0.02,0.01,0.03,0.35,0,0,0
F11,0,0.12,0.05,0.03,0.25,0.02,0.03,0.02,0.04,0.03,0,0.04,0.02,0.12,0,0,0.02,0.01,0.03,0.15,0,0.02,0.08
F14,0.16,0.07,0.1,0.07,0.14,0.03,0.09,0,0.01,0.03,0.01,0.01,0.02,0.02,0.02,0.02,0.02,0.01,0.04,0,0,0,0
F15,0.12,0.05,0.05,0.04,0.11,0.02,0.08,0.01,0.01,0.02,0.01,0.01,0.01,0.01,0,0.01,0.01,0.01,0.02,0,0,0,0
F12,0.15,0.05,0.06,0.03,0.02,0.02,0,0.02,0.01,0.02,0.01,0.01,0.01,0.01,0,0.01,0.02,0.01,0.02,0.2,0,0,0
F6,0.07,0.04,0.09,0.26,0.11,0.02,0,0,0.01,0.03,0.02,0.01,0.02,0.14,0.04,0.02,0.02,0.01,0.02,0.11,0.03,0,0.01
F1,0,0.12,0.07,0.05,0.34,0.02,0.14,0.02,0.03,0.03,0.01,0.01,0.02,0.01,0,0.01,0.02,0.01,0.03,0.37,0,0,0
F26,0.28,0.15,0.08,0.06,0.1,0.02,0,0.02,0.02,0.03,0.01,0.01,0.02,0.04,0.02,0.01,0.02,0.01,0.01,0.3,0,0.02,0
F17,0.19,0.08,0.06,0.04,0.17,0.02,0.11,0.02,0.04,0.03,0,0.05,0.02,0.17,0,0.02,0.02,0.01,0.03,0,0,0,0.11
F10,0,0.17,0.06,0.04,0.16,0.02,0.32,0,0.04,0.03,0.02,0.01,0.02,0.01,0,0.02,0.02,0.01,0.07,0.35,0,0,0.01
F20,0,0.22,0.04,0.03,0.02,0.02,0.16,0,0.03,0.03,0,0.05,0.01,0.03,0.02,0.01,0.01,0.01,0.04,0.21,0,0,0
F2,0.29,0.1,0.07,0.05,0.29,0.02,0.18,0.02,0.02,0.03,0.01,0.01,0.02,0.01,0,0.01,0.02,0.01,0.04,0,0,0,0
F27,0.16,0.07,0.16,0.21,0.21,0.03,0.11,0.02,0.02,0.03,0.02,0.01,0.02,0.04,0.02,0.02,0.02,0.01,0.04,0,0,0,0.01
F67,0.32,0.14,0.09,0.06,0.07,0.03,0.23,0.02,0.03,0.03,0.02,0.01,0.02,0.14,0.04,0.02,0.02,0.03,0.03,0,0,0,0.01
F50,0.44,0.15,0.14,0.19,0.13,0.03,0.05,0,0.02,0.02,0.01,0.01,0.02,0.07,0.03,0.01,0.02,0.01,0.02,0,0,0,0
F20,0,0.22,0.04,0.03,0.02,0.02,0.16,0,0.03,0.03,0,0.05,0.01,0.03,0.02,0.01,0.01,0.01,0.04,0.21,0,0,0
F38,0.17,0.06,0.12,0.08,0.37,0.03,0.18,0.02,0.02,0.02,0.01,0.01,0.01,0.01,0,0.01,0.02,0.01,0.02,0,0,0,0
F53,0.19,0.07,0.16,0.24,0.08,0.03,0.06,0,0.02,0.02,0.01,0.01,0.02,0.07,0.03,0.02,0.02,0.01,0.03,0,0,0,0.01
F39,0.36,0.14,0.16,0.11,0,0.06,0.49,0.05,0.12,0.07,0.04,0.04,0.04,0.04,0,0.04,0.06,0.02,0.03,0.7,0,0,0.01
F6,0.07,0.04,0.09,0.26,0.11,0.02,0,0,0.01,0.03,0.02,0.01,0.02,0.14,0.04,0.02,0.02,0.01,0.02,0.11,0.03,0,0.01
F31,0.31,0.12,0.07,0.07,0.15,0.02,0.15,0.02,0.02,0.03,0.02,0.01,0.02,0.03,0.02,0.02,0.02,0.01,0.02,0,0,0,0
F7,0.12,0.07,0.12,0.16,0.13,0.03,0.06,0.02,0.01,0,0.02,0.01,0.02,0.05,0.02,0.02,0.02,0.01,0.02,0,0,0,0
F45,0,0.14,0.11,0.13,0.07,0.02,0.04,0.02,0.02,0.02,0.01,0.01,0.01,0.03,0.01,0.01,0.02,0.01,0.02,0.34,0,0,0
F14,0.16,0.07,0.1,0.07,0.14,0.03,0.09,0,0.01,0.03,0.01,0.01,0.02,0.02,0.02,0.02,0.02,0.01,0.04,0,0,0,0
F18,0,0.2,0.1,0.11,0.14,0.03,0.06,0.02,0.02,0.03,0.02,0.07,0.02,0.05,0.02,0.02,0.02,0.01,0.03,0.35,0,0,0
F8,0.12,0.05,0.04,0.03,0.14,0.02,0,0.02,0.02,0.04,0.02,0.01,0.02,0.04,0.02,0.02,0.02,0.01,0.02,0.15,0.03,0,0
F13,0,0.1,0.07,0.06,0.09,0.02,0.05,0.02,0.01,0.03,0.02,0.01,0.02,0.02,0,0.02,0.02,0.02,0.03,0.15,0,0,0
F35,0,0.1,0.07,0.06,0.18,0.02,0.09,0.02,0.03,0.02,0.01,0.01,0.01,0.02,0.01,0.01,0.02,0.01,0.02,0.19,0,0.02,0
F10,0,0.17,0.06,0.04,0.16,0.02,0.32,0,0.04,0.03,0.02,0.01,0.02,0.01,0,0.02,0.02,0.01,0.07,0.35,0,0,0.01
F58,0.09,0.04,0.07,0.05,0.1,0.02,0,0.02,0.01,0.03,0.02,0.01,0.02,0.12,0.04,0.02,0.02,0.01,0.02,0.2,0.04,0,0.01
F4,0.2,0.07,0.06,0.05,0.09,0.02,0.17,0.02,0.02,0.02,0.01,0.01,0.01,0.02,0.01,0.01,0.02,0.01,0.04,0,0,0,0
F23,0.11,0.05,0.08,0.23,0.07,0.01,0,0.02,0.01,0.02,0.01,0.01,0.01,0.12,0.03,0.01,0.01,0.01,0.03,0.02,0,0,0
F3,0.34,0.12,0.05,0.03,0.05,0.02,0,0.02,0.02,0.03,0.02,0.02,0.01,0.05,0.01,0.02,0.17,0.01,0.03,0.17,0.01,0,0
F11,0,0.12,0.05,0.03,0.25,0.02,0.03,0.02,0.04,0.03,0,0.04,0.02,0.12,0,0,0.02,0.01,0.03,0.15,0,0.02,0.08
F24,0.12,0.06,0.04,0.1,0.05,0.01,0,0.02,0.02,0.03,0.01,0.01,0.02,0.17,0.05,0,0,0.01,0.03,0.03,0,0,0.01
F15,0.12,0.05,0.05,0.04,0.11,0.02,0.08,0.01,0.01,0.02,0.01,0.01,0.01,0.01,0,0.01,0.01,0.01,0.02,0,0,0,0
F64,0.13,0.06,0.06,0.05,0.13,0.02,0,0,0.03,0.03,0.01,0.01,0.01,0.02,0,0.01,0.02,0.01,0.01,0.25,0.03,0,0
F26,0.28,0.15,0.08,0.06,0.1,0.02,0,0.02,0.02,0.03,0.01,0.01,0.02,0.04,0.02,0.01,0.02,0.01,0.01,0.3,0,0.02,0
F28,0.17,0.06,0.04,0.03,0,0.02,0.03,0.01,0.04,0.02,0.01,0.01,0.01,0.01,0,0.01,0.01,0.01,0.01,0.19,0.01,0,0
F40,0.12,0.06,0.1,0.09,0.08,0.03,0.08,0.02,0.01,0.02,0.01,0.01,0.02,0.04,0.02,0.01,0.02,0.01,0.01,0,0,0.02,0
F55,0.14,0.05,0.16,0.11,0.03,0.02,0.57,0.02,0.01,0,0.06,0.07,0.02,0.31,0.02,0.04,0,0.01,0.02,0.3,0,0.02,0.01
F43,0,0.18,0.09,0.08,0.1,0.02,0.12,0,0.01,0.02,0.01,0.01,0.01,0.09,0.03,0.01,0.02,0.01,0.04,0.33,0.04,0,0
F23,0.11,0.05,0.08,0.23,0.07,0.01,0,0.02,0.01,0.02,0.01,0.01,0.01,0.12,0.03,0.01,0.01,0.01,0.03,0.02,0,0,0
F12,0.15,0.05,0.06,0.03,0.02,0.02,0,0.02,0.01,0.02,0.01,0.01,0.01,0.01,0,0.01,0.02,0.01,0.02,0.2,0,0,0
F27,0.16,0.07,0.16,0.21,0.21,0.03,0.11,0.02,0.02,0.03,0.02,0.01,0.02,0.04,0.02,0.02,0.02,0.01,0.04,0,0,0,0.01
F24,0.12,0.06,0.04,0.1,0.05,0.01,0,0.02,0.02,0.03,0.01,0.01,0.02,0.17,0.05,0,0,0.01,0.03,0.03,0,0,0.01
F6,0.07,0.04,0.09,0.26,0.11,0.02,0,0,0.01,0.03,0.02,0.01,0.02,0.14,0.04,0.02,0.02,0.01,0.02,0.11,0.03,0,0.01
F16,0.12,0.05,0.06,0.14,0.12,0.02,0,0.01,0.01,0.02,0.01,0.01,0.01,0.06,0.02,0.01,0.01,0.01,0.01,0.11,0,0,0
F8,0.12,0.05,0.04,0.03,0.14,0.02,0,0.02,0.02,0.04,0.02,0.01,0.02,0.04,0.02,0.02,0.02,0.01,0.02,0.15,0.03,0,0
F30,0.24,0.08,0.11,0.13,0.08,0.03,0.05,0.02,0.02,0.02,0.01,0.01,0.02,0.12,0.04,0.01,0.02,0.01,0.02,0,0,0,0.01
F29,0,0.17,0.06,0.07,0.12,0.02,0.04,0.02,0.03,0.03,0,0.01,0.02,0.05,0.02,0.02,0.02,0.01,0.01,0.22,0.01,0,0.01
F2,0.29,0.1,0.07,0.05,0.29,0.02,0.18,0.02,0.02,0.03,0.01,0.01,0.02,0.01,0,0.01,0.02,0.01,0.04,0,0,0,0
F61,0.15,0.09,0.13,0.08,0.02,0.01,0.22,0.02,0.02,0.02,0.05,0.07,0.02,0.32,0.02,0.04,0,0.01,0.02,0.08,0,0.02,0.01
F7,0.12,0.07,0.12,0.16,0.13,0.03,0.06,0.02,0.01,0,0.02,0.01,0.02,0.05,0.02,0.02,0.02,0.01,0.02,0,0,0,0
F10,0,0.17,0.06,0.04,0.16,0.02,0.32,0,0.04,0.03,0.02,0.01,0.02,0.01,0,0.02,0.02,0.01,0.07,0.35,0,0,0.01
F65,0.09,0.04,0.11,0.09,0.13,0.02,0.27,0.02,0.01,0.03,0.04,0.05,0.02,0.18,0.02,0.04,0,0.01,0.01,0.15,0.03,0.02,0.01
F135,0,0.09,0.03,0.02,0.09,0.02,0.02,0.02,0.02,0.03,0,0.03,0.01,0.07,0,0,0.01,0.01,0.01,0.09,0,0,0.05
F42,0,0.13,0.08,0.09,0.17,0.02,0.03,0.02,0.02,0.02,0.01,0.01,0.01,0.03,0.02,0.01,0.02,0.02,0.03,0.28,0,0.02,0
F33,0.36,0.13,0.1,0.09,0.07,0.03,0.07,0.02,0.03,0.02,0.01,0.01,0.02,0.03,0.02,0.01,0.02,0.01,0.02,0,0,0.02,0
F50,0.44,0.15,0.14,0.19,0.13,0.03,0.05,0,0.02,0.02,0.01,0.01,0.02,0.07,0.03,0.01,0.02,0.01,0.02,0,0,0,0
F80,0.21,0.07,0.11,0.08,0.1,0.03,0,0,0.02,0.03,0.01,0.01,0.02,0.1,0.03,0.01,0.02,0.01,0.01,0.47,0,0.02,0.01
F55,0.14,0.05,0.16,0.11,0.03,0.02,0.57,0.02,0.01,0,0.06,0.07,0.02,0.31,0.02,0.04,0,0.01,0.02,0.3,0,0.02,0.01
F81,0.55,0.19,0.12,0.09,0.08,0.03,0.09,0.02,0.03,0.03,0.01,0.13,0.02,0.02,0,0.01,0.02,0.01,0.04,0,0,0.02,0
F57,0.17,0.1,0.07,0.05,0.17,0.03,0.22,0.02,0.03,0.03,0.01,0.01,0.02,0.01,0,0.02,0.02,0.01,0.02,0,0,0,0
F54,0.17,0.07,0.05,0.04,0.17,0.02,0.18,0.02,0.02,0.03,0.02,0.06,0.02,0.01,0,0.02,0.02,0.01,0.03,0,0.04,0,0
F17,0.19,0.08,0.06,0.04,0.17,0.02,0.11,0.02,0.04,0.03,0,0.05,0.02,0.17,0,0.02,0.02,0.01,0.03,0,0,0,0.11
F83,0,0.27,0.05,0.03,0.08,0.02,0.48,0.01,0.04,0.02,0.01,0.01,0.01,0.01,0,0.01,0.01,0.01,0.04,0.19,0,0,0
F47,0.28,0.11,0.07,0.04,0.33,0.02,0,0.02,0.02,0.03,0.01,0.01,0.02,0.01,0,0.01,0.02,0.02,0.02,0.3,0,0,0
F38,0.17,0.06,0.12,0.08,0.37,0.03,0.18,0.02,0.02,0.02,0.01,0.01,0.01,0.01,0,0.01,0.02,0.01,0.02,0,0,0,0
F9,0.13,0.06,0.1,0.07,0.34,0.03,0.11,0.03,0.03,0,0.02,0.01,0.02,0.01,0,0.02,0.02,0.01,0.03,0,0,0,0.01
F36,0.32,0.12,0.14,0.1,0.18,0.04,0.06,0.02,0.02,0.03,0.01,0.01,0.02,0.05,0.02,0.02,0.02,0.01,0.01,0,0,0,0.01
F22,0.07,0.03,0.11,0.07,0.07,0.03,0.11,0,0.01,0.03,0.02,0.01,0.02,0.06,0.02,0.02,0.02,0.01,0.02,0,0.03,0.02,0
F119,0.17,0.08,0.08,0.05,0.05,0.02,0.16,0,0.01,0.02,0.01,0.01,0.01,0.01,0,0.01,0.02,0.02,0.02,0,0,0,0
F36,0.32,0.12,0.14,0.1,0.18,0.04,0.06,0.02,0.02,0.03,0.01,0.01,0.02,0.05,0.02,0.02,0.02,0.01,0.01,0,0,0,0.01
F127,0.28,0.1,0.12,0.13,0.16,0.03,0.06,0.02,0.02,0.03,0.02,0.01,0.02,0.03,0.02,0.02,0.02,0.01,0.04,0,0,0,0.01
F117,0,0.1,0.05,0.03,0.03,0.02,0.09,0.02,0.02,0.02,0.01,0.01,0.01,0.11,0,0.01,0.01,0.01,0.01,0.13,0,0,0
F9,0.13,0.06,0.1,0.07,0.34,0.03,0.11,0.03,0.03,0,0.02,0.01,0.02,0.01,0,0.02,0.02,0.01,0.03,0,0,0,0.01
F22,0.07,0.03,0.11,0.07,0.07,0.03,0.11,0,0.01,0.03,0.02,0.01,0.02,0.06,0.02,0.02,0.02,0.01,0.02,0,0.03,0.02,0
F5,0.31,0.09,0.1,0.12,0.15,0.02,0.04,0.02,0.01,0.02,0.01,0.01,0.01,0.03,0.02,0.01,0.02,0.01,0.03,0,0,0,0
Permanent Marker,0.2,0.07,0.07,0.08,0,0.02,0.02,0.02,0.02,0.02,0.01,0.01,0.01,0.02,0.02,0.01,0.01,0.01,0.02,0.12,0.01,0.02,0
Cap Junky,0.2,0.07,0.1,0.07,0,0.03,0.1,0.02,0.02,0.02,0.01,0.01,0.01,0.01,0.01,0.01,0.02,0.01,0.03,0.31,0.04,0,0
SK,0.25,0.1,0.09,0.07,0.05,0.03,0.13,0,0.02,0.02,0.01,0.01,0.02,0.02,0.02,0.01,0.02,0.01,0.03,0,0,0,0
Grapes & Cream,0.06,0.03,0.03,0.02,0.03,0.02,0.02,0,0.01,0,0,0.03,0.02,0.07,0,0,0.02,0.01,0.01,0,0,0,0.04
Jokerz31,0,0.07,0.05,0.04,0.13,0.02,0.03,0.02,0.04,0.03,0,0.03,0.02,0.02,0,0.02,0.02,0.01,0.03,0.11,0,0.02,0.05
GG#4,0,0.12,0.03,0.02,0.06,0.01,0.07,0.02,0.02,0.02,0,0.02,0.01,0.07,0,0.01,0.01,0.01,0.03,0.09,0,0,0.05
Hippie Crasher (B),0.16,0.05,0.14,0.11,0.24,0.03,0.04,0,0.02,0.02,0.01,0.01,0.01,0.05,0.02,0.01,0.02,0.01,0.02,0,0.04,0.02,0
Detroit Runtz,0.17,0.07,0.07,0.04,0,0.02,0.11,0.02,0.03,0.02,0.01,0.01,0.01,0.01,0.01,0.01,0.02,0.01,0.02,0.18,0,0.02,0
Hippie Crasher (A),0.1,0.04,0.1,0.09,0.19,0.03,0.03,0.02,0.02,0.03,0.02,0.01,0.02,0.02,0.02,0.02,0.02,0.01,0.03,0,0.03,0.02,0
RS11 (A),0,0.08,0.05,0.04,0.16,0.02,0.02,0.02,0.03,0.02,0.01,0.01,0.01,0.01,0.02,0.01,0.02,0.01,0.02,0.14,0,0,0
RS11 (B),0,0.08,0.05,0.05,0.17,0.02,0.02,0.02,0.02,0.02,0.01,0.01,0.01,0.02,0.02,0.01,0.01,0.01,0.02,0.16,0,0,0
Gary Payton,0,0.09,0.06,0.04,0.18,0.02,0.1,0.02,0.02,0.03,0,0.05,0.02,0.17,0,0.01,0.02,0.01,0.05,0.21,0,0,0
Soap,0,0.1,0.05,0.03,0.15,0.02,0.02,0.02,0.02,0.02,0.01,0.01,0.01,0.13,0,0.01,0.01,0.01,0.02,0.16,0,0,0
Banana Kush,0,0.18,0.07,0.04,0.02,0.02,0.26,0.02,0.02,0.03,0.01,0.01,0.02,0.01,0,0.01,0.02,0.01,0.02,0.25,0,0,0
Super Boof,0.13,0.05,0.05,0.03,0.09,0.02,0.06,0.01,0.01,0.02,0,0,0.01,0.13,0,0.01,0.01,0.01,0.01,0,0,0,0
Runtz,0.17,0.06,0.05,0.03,0.12,0.02,0,0.02,0.02,0.03,0.01,0,0.02,0.01,0,0.02,0.02,0.01,0.01,0.13,0,0,0.07
Twice Baked Mama,0.05,0.03,0.16,0,0,0.02,0.18,0,0.01,0.03,0.01,0.01,0.01,0.01,0,0.01,0.01,0.01,0.01,0.08,0.02,0,0
Jelly Rancher,0.2,0.07,0.02,0.02,0.04,0.01,0,0,0,0.02,0,0,0,0.01,0,0,0,0.01,0.03,0.04,0,0,0.02
Ya Hemi,0.12,0.07,0.05,0.04,0.08,0.02,0.07,0.02,0.01,0.02,0,0,0.01,0.11,0,0.01,0.01,0.01,0.02,0,0,0,0.07
MUSK1,0.19,0.07,0.07,0.05,0.11,0.03,0.15,0,0.02,0.03,0.02,0.01,0.02,0.01,0,0.02,0.02,0.01,0.03,0,0,0,0
MACv2,0.24,0.09,0.2,0.34,0.11,0.03,0.05,0.02,0.02,0.03,0.02,0.01,0.02,0.12,0.02,0.02,0.02,0.01,0.02,0,0,0.02,0.01
Capstone,0.11,0.04,0.06,0.1,0.03,0.01,0,0.02,0.02,0.02,0.02,0.02,0.01,0.1,0.01,0.02,0.22,0.01,0.02,0.04,0.03,0,0
Apple Fritter,0.34,0.13,0.16,0.24,0.13,0.03,0.06,0.02,0.02,0.03,0.02,0.01,0.02,0.08,0.02,0.02,0.02,0.01,0.02,0,0,0,0.01
Strawberry Cough,0.1,0.04,0.11,0.07,0.07,0.02,0.46,0.02,0.01,0.03,0.04,0.04,0.02,0.17,0.02,0.03,0,0.01,0.02,0.07,0,0,0.01
Ice Cream Cake,0,0.13,0.08,0.05,0.13,0.02,0.1,0.01,0.01,0.02,0.01,0.01,0.01,0.01,0.01,0.01,0.02,0.01,0.02,0.32,0,0,0
Gary Payton,0,0.11,0.06,0.04,0.17,0.02,0.08,0.02,0.04,0.03,0,0,0.02,0.18,0,0.02,0.02,0.01,0.05,0.22,0,0,0
Indian Landrace,0.08,0.04,0.05,0.03,0.09,0.02,0,0,0.01,0.03,0.01,0.01,0.01,0.01,0,0.01,0.01,0.01,0.01,0.12,0.03,0,0.06
Super Boof,0.13,0.05,0.05,0.03,0.09,0.02,0.06,0.01,0.01,0.02,0,0,0.01,0.13,0,0.01,0.01,0.01,0.01,0,0,0,0
Runtz,0.17,0.06,0.05,0.03,0.12,0.02,0,0.02,0.02,0.03,0.01,0,0.02,0.01,0,0.02,0.02,0.01,0.01,0.13,0,0,0.07
Ya Hemi,0.12,0.07,0.05,0.04,0.08,0.02,0.07,0.02,0.01,0.02,0,0,0.01,0.11,0,0.01,0.01,0.01,0.02,0,0,0,0.07
Zookies,0,0.15,0.05,0.04,0.11,0.02,0.03,0,0.02,0.03,0.01,0.01,0.02,0.18,0.02,0.02,0.02,0.01,0.02,0.23,0,0,0
Capstone,0.11,0.04,0.06,0.1,0.03,0.01,0,0.02,0.02,0.02,0.02,0.02,0.01,0.1,0.01,0.02,0.22,0.01,0.02,0.04,0.03,0,0
Black Cherry Punch,0.14,0.06,0.07,0.09,0.08,0.02,0.12,0.01,0.01,0.02,0.01,0.01,0.01,0.06,0.02,0.01,0.02,0.01,0.02,0,0.03,0,0
Jelly Rancher,0.2,0.07,0.02,0.02,0.04,0.01,0,0,0,0.02,0,0,0,0.01,0,0,0,0.01,0.03,0.04,0,0,0.02
Apple Fritter,0.34,0.13,0.16,0.24,0.13,0.03,0.06,0.02,0.02,0.03,0.02,0.01,0.02,0.08,0.02,0.02,0.02,0.01,0.02,0,0,0,0.01
#2,0.37,0.12,0.15,0.11,0.15,0.03,0.12,0,0.03,0.04,0.01,0.01,0.01,0.03,0.01,0.01,0.02,0.01,0.03,0,0,0,0
The Soap,0.34,0.12,0.06,0.04,0.17,0.02,0.03,0,0.02,0,0,0,0.01,0.31,0,0,0.01,0.01,0.01,0,0,0,0
Miracle Mints,0.3,0.09,0.06,0.04,0.21,0.02,0.07,0,0.03,0.03,0,0,0.01,0.29,0,0,0.01,0.01,0.02,0,0.04,0,0
Strawberry Gummy Bears,0.11,0.05,0.08,0.09,0.04,0.02,0.29,0,0.02,0.05,0.01,0,0.01,0.02,0,0.01,0.01,0.01,0.01,0,0.04,0,0
Gelly Biscuit #2,0.2,0.08,0.04,0.03,0.11,0.01,0.12,0,0.02,0.02,0,0,0.01,0,0,0.01,0.01,0,0.01,0,0.01,0,0.11
Gelly Biscuit #1,0.15,0.06,0.05,0.04,0.19,0.01,0.05,0,0.01,0.02,0,0.01,0.01,0,0,0.01,0.01,0.01,0,0,0.01,0,0
Strawberry Eclair,0.21,0.09,0.07,0.04,0.12,0.01,0.41,0,0.02,0.02,0,0,0.01,0,0,0,0.01,0.01,0,0,0,0,0
Barabajagal,0.2,0.08,0.1,0.12,0.07,0.02,0.29,0.01,0.02,0.02,0,0.01,0.01,0.03,0.01,0.01,0.01,0.01,0.02,0,0,0,0
Sleepwalker,0.19,0.09,0.08,0.05,0.1,0.02,0.1,0.01,0.03,0.02,0,0.01,0.01,0.36,0.01,0.01,0.01,0.01,0.02,0,0.03,0,0
Mandarin Jack,0,0.11,0.05,0.03,0.09,0.01,0.1,0.01,0.01,0.02,0,0.01,0.01,0.17,0,0.01,0.01,0,0.01,0.21,0,0,0
Banana Ice Cream,0.42,0.13,0.09,0.05,0.14,0.02,0.34,0,0.03,0.02,0,0.01,0.01,0.01,0,0.01,0.01,0.03,0.02,0,0.01,0,0
Zookies,0,0.13,0.03,0.02,0.04,0.01,0.01,0,0.02,0.02,0,0,0,0.11,0,0,0.01,0.01,0.02,0.13,0.01,0,0.07
Strawberry Cough,0.15,0.04,0.1,0.06,0.06,0.01,0,0.01,0.01,0.02,0.03,0.03,0.01,0.2,0.01,0.02,0.58,0.01,0.01,0.08,0,0,0
Zkittlez,0.17,0.06,0.13,0.07,0.42,0.02,0.26,0.01,0.04,0.02,0,0.01,0.01,0.01,0,0.01,0.01,0.01,0.01,0,0.01,0.01,0
Tropical Barbeque Sauce #5,0,0.34,0.06,0.04,0.08,0.01,0.53,0,0.03,0.03,0.01,0.01,0.01,0.01,0,0.01,0.01,0.01,0.04,0.45,0,0,0
Tropical Barbeque Sauce #10,0,0.25,0.06,0.04,0.07,0.01,0.26,0.01,0.02,0.02,0,0,0.01,0,0,0,0.01,0.01,0.03,0.34,0,0,0
Superboof,0.17,0.05,0.07,0.04,0.13,0.01,0.1,0.01,0.01,0.02,0,0,0.01,0,0,0,0.01,0,0.01,0,0,0,0
Trop Cherry,0.18,0.09,0.05,0.04,0.18,0.01,0.02,0.01,0.02,0.02,0,0.01,0.01,0,0,0.01,0.01,0.01,0.01,0,0,0,0
Purple Chemdawg,0.2,0.06,0.08,0.04,0.07,0.02,0,0,0.02,0.02,0.01,0.01,0.01,0.01,0,0.01,0.01,0.01,0.02,0.43,0.01,0.01,0
Tropical Barbeque Sauce #10,0,0.25,0.06,0.04,0.07,0.01,0.26,0.01,0.02,0.02,0,0,0.01,0,0,0,0.01,0.01,0.03,0.34,0,0,0
Tropical Barbeque Sauce #5,0,0.34,0.06,0.04,0.08,0.01,0.53,0,0.03,0.03,0.01,0.01,0.01,0.01,0,0.01,0.01,0.01,0.04,0.45,0,0,0
Blueberry Chemdawg,0.06,0.02,0.09,0.07,0.1,0.02,0,0,0.01,0,0,0.01,0.01,0.06,0.02,0.01,0.01,0,0,0.35,0,0,0
Trop Cherry,0.18,0.09,0.05,0.04,0.18,0.01,0.02,0.01,0.02,0.02,0,0.01,0.01,0,0,0.01,0.01,0.01,0.01,0,0,0,0
Capstone,0.12,0.04,0.08,0.17,0.03,0.01,0,0.01,0.01,0.03,0.02,0.02,0.01,0.25,0.01,0.02,0.5,0,0.02,0.05,0.03,0,0
Indian Landrace,0.1,0.05,0.04,0.03,0.09,0.01,0,0,0.01,0.03,0,0,0,0.01,0,0.01,0.01,0.01,0.01,0.17,0.03,0,0
Tropical Barbecue Sauce 2.0,0,0.23,0.05,0.03,0.05,0.01,0.05,0,0.03,0.03,0,0,0.01,0.19,0,0.01,0.01,0.01,0.02,0.24,0.01,0,0.13
Sprout,0.23,0.1,0.06,0.16,0.03,0.01,0,0.01,0.01,0.02,0.01,0.01,0.01,0.01,0,0.01,0.01,0,0.04,0.11,0.01,0,0
Cap Junkie,0.25,0.07,0.09,0.05,0.46,0.02,0.13,0.01,0.03,0.02,0,0.01,0.01,0.01,0,0.01,0.01,0.01,0.02,0,0.04,0,0
Orange Harambe,0,0.06,0.03,0.02,0.12,0.01,0.1,0.01,0.01,0.02,0,0,0,0.15,0,0,0.01,0.01,0.01,0.19,0,0,0
Candy Rocks,0,0,0,0,0,0,0,0,0,0,0,0,0,0,0,0,0,0,0,0,0,0,0
Kosher Banger,0.16,0.07,0.14,0.11,0.33,0.03,0.25,0.01,0.02,0.02,0.01,0.01,0.01,0.03,0.01,0.01,0.01,0,0,0,0.01,0.01,0
Mandarin Cookies,0,0.1,0.08,0.05,0.19,0.02,0.06,0.02,0.02,0.04,0,0,0.01,0.2,0,0,0.01,0.01,0.03,0.27,0.07,0,0.14
OMG,0.27,0.14,0.15,0.09,0.13,0.03,0.07,0.01,0.02,0.04,0,0,0.01,0.68,0,0.01,0.02,0.01,0.02,0,0.01,0,0
C1- Fortified Biomass,0,0,0,0,0,0,0,0,0,0,0,0,0,0,0,0,0,0,0,0,0,0,0
Ice Cream Cake,0,0.11,0.04,0.03,0.06,0.01,0.15,0,0.01,0.04,0.01,0.01,0.01,0.18,0.01,0.01,0.01,0.01,0.01,0.23,0,0,0
White Truffle,0,0.08,0.05,0.03,0.03,0.01,0.13,0.01,0.02,0.03,0.01,0.01,0.01,0.01,0,0.01,0.01,0.02,0.02,0.18,0,0,0
Oreoz,0.25,0.1,0.05,0.04,0.04,0.02,0.12,0,0.02,0,0.01,0.01,0.01,0.07,0.02,0.01,0.01,0.01,0.01,0,0,0,0
Purple Pinner,0.15,0.04,0.08,0.08,0.05,0.02,0.1,0,0.01,0,0.01,0.01,0.01,0.02,0.01,0.01,0.01,0.01,0.01,0,0,0,0
Zookies,0,0.09,0.04,0.03,0.06,0.01,0.02,0,0.02,0.03,0.01,0.01,0.01,0.01,0.01,0.01,0.02,0.01,0.01,0.2,0,0,0
Indian Landrace,0.03,0.02,0.02,0.01,0.04,0.01,0,0,0.01,0.03,0.01,0.01,0.01,0.04,0.01,0.01,0.01,0.01,0,0.05,0.01,0,0
MACv2,0.2,0.07,0.21,0.36,0.13,0.03,0.05,0.02,0.02,0.04,0.01,0.01,0.01,0.09,0.01,0.01,0.01,0.01,0.01,0,0,0.01,0
Fruit Roll,0.15,0.05,0.05,0.05,0.09,0.02,0.19,0,0.01,0.05,0.01,0.01,0.01,0.01,0,0.01,0.01,0.01,0.01,0,0.02,0,0
Dead Unicorn,0,0.13,0.07,0.09,0.03,0.02,0.02,0,0.03,0.04,0.01,0.01,0.01,0.03,0.01,0.01,0.01,0.01,0.01,0.18,0.05,0,0
Falcare,0,0.15,0.07,0.04,0.09,0.02,0.1,0,0.05,0.05,0.01,0.01,0.01,0.01,0,0.01,0.01,0.02,0.02,0.31,0.01,0,0
Purple Punch,0.19,0.09,0.05,0.05,0.12,0.02,0,0,0.04,0.05,0.01,0.01,0.01,0.04,0.01,0.01,0.01,0.01,0.01,0.23,0.05,0,0
Black Oreo,0,0,0,0,0,0,0,0,0,0,0,0,0,0,0,0,0,0,0,0,0,0,0
Mac Grape,0.11,0.05,0.05,0.03,0.03,0.01,0.03,0,0.01,0.02,0.01,0.01,0.01,0.03,0.01,0.01,0.01,0.01,0.01,0,0.03,0.01,0
Mango Chow Mein,0,0.05,0.02,0.01,0.08,0.01,0.03,0.02,0.02,0.02,0.01,0,0.01,0.07,0,0.01,0.01,0.01,0.01,0.09,0,0,0
Gelly Biscuit #2,0.1,0.04,0.03,0.02,0.07,0.01,0.05,0,0.01,0.02,0.01,0,0.01,0.1,0,0.01,0.01,0.02,0,0,0,0,0
Gelly Biscuit #1,0.08,0.03,0.04,0.03,0.11,0.01,0.03,0,0.01,0.02,0.01,0.01,0.01,0.01,0,0.01,0.01,0.01,0,0,0,0,0
Banana Ice Cream,0.19,0.07,0.07,0.04,0.09,0.01,0.21,0,0.02,0,0,0,0.01,0.29,0,0.01,0.01,0.02,0.01,0,0,0,0
Waffle Dough,0.15,0.05,0.11,0.1,0.13,0.02,0.09,0,0.02,0,0,0,0.01,0.07,0.02,0.01,0.01,0.01,0,0,0,0.01,0
Sugarcane,0.21,0.07,0.11,0.14,0.11,0.02,0.04,0,0.02,0.02,0.01,0,0.01,0.15,0.01,0.01,0.01,0.01,0.02,0,0.03,0,0.01
Dante's Inferno #6,0.13,0.06,0.13,0.08,0.08,0.03,0.18,0,0.02,0,0.01,0,0.01,0,0,0.01,0.02,0.01,0.01,0,0,0.01,0.01
Dante's Inferno #7,0,0.18,0.04,0.03,0.05,0.01,0.15,0.02,0.03,0.02,0,0,0.01,0.08,0.02,0,0.01,0.01,0.04,0.23,0,0,0
#2,0.14,0.05,0.32,0,0.15,0.02,0.62,0,0.01,0.02,0.01,0,0.01,0.01,0.01,0.01,0.01,0.01,0.01,0.18,0,0,0
#9,0.13,0.05,0.19,0.34,0.01,0.02,0,0,0.01,0,0.01,0,0.01,0.01,0.01,0.01,0.01,0.01,0.02,0.18,0,0,0
Wedding Pie,0.18,0.06,0.06,0.04,0.24,0.02,0.14,0,0.02,0.04,0,0,0.01,0.23,0,0,0.02,0.01,0.02,0,0.05,0,0
Kings Kake,0,0.13,0.04,0.03,0.07,0.02,0.15,0,0.02,0,0,0,0.01,0.15,0,0,0.01,0.01,0.02,0.21,0,0,0.15
Bruce Juice,0,0.12,0.07,0.04,0.09,0.02,0.17,0.02,0.01,0.02,0,0,0.01,0.25,0,0,0.01,0.01,0.02,0.34,0,0,0
Terpy Tyron - LT x AC,0,0.05,0.02,0.02,0.02,0.01,0.04,0,0.01,0.02,0,0,0,0.02,0,0,0.01,0.01,0.02,0.02,0,0,0.01
Josh Cooper - Runtz,0.11,0.04,0.06,0.05,0.09,0.02,0.09,0.02,0.02,0,0,0,0.01,0.02,0.01,0.01,0.01,0.01,0.01,0,0,0,0.16
Jeff Burns - B21,0,0.12,0.03,0.02,0.06,0.01,0.14,0,0.03,0.02,0,0,0.01,0.09,0.01,0.01,0.01,0.01,0.04,0.12,0,0,0.09
B* Baby D,0,0.12,0.03,0.02,0.11,0.01,0.03,0,0.03,0,0,0,0.01,0.08,0,0,0.01,0.01,0.01,0.11,0,0,0.08
Adirondack Grass - Midnight Moodlight,0.26,0.09,0.07,0.05,0.17,0.02,0.09,0,0.02,0.03,0,0,0.01,0.04,0.02,0,0.02,0.01,0.03,0,0,0,0
Brandon - Lemon Berry Candy,0,0.09,0.02,0.02,0.01,0.01,0.03,0,0.01,0.02,0,0,0.01,0.06,0,0,0,0.01,0.02,0.09,0,0,0.06
Dennis - PPC,0.21,0.07,0.07,0.12,0.03,0.01,0,0,0.01,0.02,0,0,0.01,0.01,0,0,0,0.01,0.04,0.08,0,0,0.05
Lance Lamont - Silver Goat,0.17,0.07,0.03,0.05,0.02,0.01,0,0,0.02,0,0,0,0.01,0.05,0.02,0,0,0.01,0.02,0.02,0,0,0
Liberty Garden - MAC1,0.14,0.06,0.06,0.05,0.04,0.02,0.03,0,0.02,0.03,0,0,0.01,0.02,0,0,0.01,0.01,0.05,0,0,0,0.2
Charlie Walter - Game Changer,0.09,0.05,0.09,0.1,0.12,0.02,0.07,0,0.02,0.03,0,0,0.01,0.09,0.03,0,0.02,0.01,0.02,0,0,0,0.01
Brad Kretzer - CRH,0,0.09,0.04,0.03,0.03,0.02,0.05,0,0.02,0.02,0,0,0.01,0.12,0.01,0,0.01,0.01,0.02,0.17,0,0,0.12
Brandon - Deathstow,0,0.13,0.02,0.01,0,0.01,0.05,0,0.02,0.02,0,0,0.01,0.06,0,0,0,0.01,0.01,0.08,0.03,0,0.05
Josh Cooper - PKB,0.1,0.04,0.04,0.03,0.05,0.02,0.04,0,0.01,0.03,0,0,0.01,0.11,0,0,0.01,0.01,0.02,0,0.03,0,0.1
Dennis - A Dub,0.09,0.03,0.06,0.06,0.01,0.01,0,0,0.01,0.02,0.02,0.02,0.01,0.02,0,0.02,0.23,0,0.02,0.04,0.03,0,0.01
Brandon - Purple Marmalade,0,0.1,0.03,0.02,0.04,0.01,0.05,0,0.02,0.02,0,0,0.01,0.1,0,0,0.01,0.01,0.03,0.13,0,0,0.09
Luman Chichester - Blueberry,0.1,0.05,0.06,0.09,0.05,0.02,0.11,0,0.02,0.03,0.02,0.02,0.01,0.06,0.02,0.02,0,0.01,0.02,0.07,0.01,0,0.01
Lance Lamont - Albany Piff,0.09,0.03,0.07,0,0.02,0.01,0.15,0,0.01,0,0,0,0,0.02,0,0,0,0.01,0.02,0.02,0,0,0.01
Brandon - Mandarin Cookies,0,0.08,0.03,0.02,0.02,0.01,0.01,0,0.02,0.02,0,0,0.01,0.09,0.01,0.01,0.01,0.01,0.05,0.12,0,0,0.08
Haywood Bud - Blockberry,0.1,0.04,0.06,0.04,0.13,0.02,0.05,0.02,0.01,0,0,0,0.01,0.2,0,0.01,0.01,0.01,0.01,0,0,0,0
Josh Cooper - PKB,0.1,0.04,0.04,0.03,0.05,0.02,0.04,0,0.01,0.03,0,0,0.01,0.11,0,0,0.01,0.01,0.02,0,0.03,0,0.1
Nice Growing - HTNT,0.14,0.05,0.05,0.16,0.03,0.01,0,0,0.01,0.02,0,0,0.01,0.04,0.02,0,0,0.01,0.01,0.05,0,0,0
Jeff Burns - B21,0,0.12,0.03,0.02,0.06,0.01,0.14,0,0.03,0.02,0,0,0.01,0.09,0.01,0.01,0.01,0.01,0.04,0.12,0,0,0.09
B* Baby D,0,0.12,0.03,0.02,0.11,0.01,0.03,0,0.03,0,0,0,0.01,0.08,0,0,0.01,0.01,0.01,0.11,0,0,0.08
Charlie Walter - Game Changer,0.09,0.05,0.09,0.1,0.12,0.02,0.07,0,0.02,0.03,0,0,0.01,0.09,0.03,0,0.02,0.01,0.02,0,0,0,0.01
Brad Kretzer - CRH,0,0.09,0.04,0.03,0.03,0.02,0.05,0,0.02,0.02,0,0,0.01,0.12,0.01,0,0.01,0.01,0.02,0.17,0,0,0.12
B* Deathstar,0,0.1,0.03,0.02,0.09,0.01,0.07,0,0.03,0.02,0,0,0.01,0.07,0,0,0.01,0.01,0.02,0.09,0.04,0,0.06
Liberty Garden - MAC1,0.14,0.06,0.06,0.05,0.04,0.02,0.03,0,0.02,0.03,0,0,0.01,0.02,0,0,0.01,0.01,0.05,0,0,0,0.2
Sample A,0,0,0,0,0,0,0,0,0,0,0,0,0,0,0,0,0,0,0,0,0,0,0
LAK,0,0.08,0.04,0.02,0.04,0.01,0.03,0,0.01,0.02,0.01,0,0.01,0.13,0,0,0.01,0.01,0.03,0.18,0,0,0.13
MF6,0.14,0.07,0.03,0.02,0.02,0.01,0,0,0.01,0.03,0,0,0.01,0.05,0,0,0.01,0.01,0.03,0.07,0,0,0.04
Astropop,0,0.1,0.04,0.03,0.04,0.01,0.07,0,0.02,0.02,0,0,0.01,0.01,0,0,0.01,0.01,0.02,0.19,0,0,0.13
Headband,0.19,0.06,0.09,0.1,0.06,0.02,0.11,0.02,0.02,0,0.01,0.01,0.01,0.02,0.01,0.01,0.02,0.01,0.02,0,0,0,0.01
Dreamsicle,0,0.16,0.05,0.04,0.04,0.02,0.03,0,0.02,0.03,0.01,0,0.01,0.03,0.01,0.01,0.01,0.01,0.02,0.24,0,0,0.01
Velvet Heat,0,0.12,0.03,0.03,0.04,0.01,0.06,0,0.03,0.02,0,0,0.01,0.01,0,0,0.01,0.01,0.03,0.14,0,0,0.1
London Punch,0,0,0,0,0,0,0,0,0,0,0,0,0,0,0,0,0,0,0,0,0,0,0
Kush Mints,0,0,0,0,0,0,0,0,0,0,0,0,0,0,0,0,0,0,0,0,0,0,0
Oreoz,0,0,0,0,0,0,0,0,0,0,0,0,0,0,0,0,0,0,0,0,0,0,0
Han Solo Burger,0,0,0,0,0,0,0,0,0,0,0,0,0,0,0,0,0,0,0,0,0,0,0
MB Kush,0.21,0.1,0.12,0,0.03,0.02,0.11,0,0.02,0.02,0,0,0.01,0.02,0,0,0.01,0.01,0.03,0.06,0,0,0
Zkittlez,0.23,0.08,0.01,0.01,0.04,0,0,0,0.01,0.02,0.01,0,0.01,0.04,0.02,0,0,0.01,0.03,0.03,0.04,0,0
HVAC OG,0.1,0.05,0.05,0.12,0.04,0.01,0,0,0.01,0.03,0.01,0,0.01,0.16,0.04,0,0,0.01,0.04,0.04,0.03,0,0.01
Purple Frost Giant,0.2,0.07,0.06,0.04,0.06,0.02,0.08,0,0.02,0,0,0,0.01,0.05,0.02,0,0.01,0.01,0.03,0,0.01,0,0
Mac1,0.1,0.04,0.12,0.13,0.14,0.02,0.14,0,0.02,0.02,0.01,0.01,0.01,0.03,0.01,0.01,0.02,0.01,0.03,0,0,0,0
Strawberry Fritter,0.21,0.06,0.16,0.26,0.07,0.02,0.06,0,0.01,0.03,0.01,0.01,0.01,0.11,0.03,0.01,0.02,0.01,0.02,0,0.02,0,0.01
Kimbo Kush,0,0.06,0.02,0.02,0.03,0.01,0.07,0,0.02,0,0,0,0.01,0.07,0,0,0.01,0.01,0.04,0.09,0,0,0.06
Radderall,0.12,0.04,0.09,0.07,0.06,0.02,0.06,0.02,0.01,0,0.01,0.01,0.01,0.02,0.01,0.01,0.02,0.01,0.01,0,0,0,0
Fruit Roll,0.05,0.02,0.15,0.3,0.04,0.02,0,0,0.01,0,0.01,0,0.01,0.01,0,0.01,0.01,0.01,0,0.22,0,0,0.16
Strawberry Parfait,0.05,0.02,0.03,0.02,0,0.01,0,0,0.01,0,0,0,0.01,0.04,0.02,0.01,0.01,0.01,0.01,0.1,0,0,0
Strawberry Parfait,0.05,0.02,0.03,0.02,0,0.01,0,0,0.01,0,0,0,0.01,0.04,0.02,0.01,0.01,0.01,0.01,0.1,0,0,0
MAC1 Caps Cut,0.09,0.04,0.11,0.16,0.09,0.02,0.09,0,0.02,0,0.01,0.01,0.01,0.02,0.01,0.01,0.02,0.01,0.02,0,0,0,0
Frosted Apricots,0.1,0.05,0.05,0.04,0.09,0.02,0,0,0.01,0.03,0,0,0.01,0.15,0,0,0.01,0.01,0.01,0.2,0.02,0,0.14
Candy Store Rbx,0.3,0.14,0.14,0.22,0.02,0.02,0.17,0,0.01,0,0.01,0.02,0.01,0.12,0.03,0.01,0.14,0.01,0,0,0,0,0.01
Key Lime Fire,0.16,0.06,0.04,0.03,0.12,0.01,0,0,0.02,0,0.01,0.01,0.01,0.01,0,0.01,0.01,0.01,0.02,0.22,0,0,0
Colin OG Rbx,0.23,0.09,0.04,0.03,0.02,0.02,0,0,0.02,0.02,0,0,0.01,0.01,0,0,0.01,0.01,0.03,0.19,0,0,0.13
Candy Store Harvest Right,0.31,0.14,0.15,0.25,0,0.03,0.22,0,0.01,0.02,0.01,0.01,0.01,0.06,0.02,0.01,0.02,0.01,0,0,0,0,0
Grape Jelly,0.16,0.06,0.15,0,0.04,0.02,0.09,0,0.02,0,0.01,0.01,0,0.02,0.01,0.01,0.01,0.01,0.03,0.07,0,0,0
MB Kush,0.08,0.04,0.05,0.09,0.02,0.01,0,0,0.01,0.01,0.01,0.01,0.01,0.01,0,0.01,0.01,0.01,0.02,0.04,0,0,0.03
Raspberry Gorilla,0,0,0,0,0,0,0,0,0,0,0,0,0,0,0,0,0,0,0,0,0,0,0
Raspberry Apple,0,0,0,0,0,0,0,0,0,0,0,0,0,0,0,0,0,0,0,0,0,0,0
Vanilla Sun Breath,0.11,0.06,0.02,0.02,0.08,0.01,0,0.01,0.01,0.02,0.01,0,0.01,0.01,0,0.01,0.01,0.01,0.02,0.06,0,0,0.05
MAC1 Caps Cut,0.08,0.04,0.07,0.1,0.08,0.02,0.06,0,0.02,0.02,0.01,0.01,0.01,0.02,0.01,0.01,0.01,0.01,0.02,0,0,0,0.01
Zkittlez,0.11,0.04,0.07,0.04,0.24,0.02,0.18,0.01,0.02,0.01,0.01,0.01,0.01,0.01,0,0.01,0.01,0,0.01,0,0,0,0
Moby Grape,0.12,0.05,0.02,0.02,0.02,0.01,0,0,0.01,0,0,0,0.01,0.04,0,0,0.01,0.01,0.02,0.05,0,0,0.04
Gorilla Banna,0,0,0,0,0,0,0,0,0,0,0,0,0,0,0,0,0,0,0,0,0,0,0
Blueberry Headband,0,0,0,0,0,0,0,0,0,0,0,0,0,0,0,0,0,0,0,0,0,0,0
Prayer Pupil,0.1,0.04,0.05,0.03,0.09,0.02,0,0,0.01,0,0.01,0.01,0.01,0.01,0,0.01,0.02,0.01,0.01,0.21,0,0,0.01
Grape Gas,0,0.08,0.03,0.03,0.21,0.02,0.13,0.02,0.03,0.02,0.01,0.01,0.01,0.01,0.01,0.01,0.01,0.01,0.02,0.15,0.01,0,0.01
Gary Peyton,0,0,0,0,0,0,0,0,0,0,0,0,0,0,0,0,0,0,0,0,0,0,0
Glazed Apricot,0,0,0,0,0,0,0,0,0,0,0,0,0,0,0,0,0,0,0,0,0,0,0
Cap Junky,0.13,0.05,0.07,0.05,0.22,0.02,0.06,0.02,0.02,0.02,0.01,0.01,0.01,0.01,0,0.01,0.02,0.01,0.02,0,0.03,0,0.01
Bahama Berry #3 A,0.15,0.06,0.08,0.19,0.07,0.03,0.06,0,0.01,0.02,0.01,0.01,0.01,0.04,0.02,0.01,0.02,0.01,0.01,0,0.04,0,0.01
MAC1 - Cap Cut B,0.08,0.04,0.05,0.04,0.04,0.02,0.03,0,0.03,0.01,0.01,0.01,0.01,0.01,0.01,0.01,0.01,0.01,0.02,0,0,0,0
MAC1 - Cap Cut A,0.07,0.04,0.07,0.06,0.14,0.02,0.1,0,0.02,0.01,0.01,0.01,0.01,0.04,0.01,0.01,0.01,0.01,0.02,0,0,0,0.01
Mimosa,0.11,0.04,0.04,0.06,0.04,0.01,0,0.01,0.01,0.02,0.01,0.01,0.01,0.01,0,0.01,0.01,0.01,0.02,0.04,0,0,0.03
Bahama Berry #3 B,0.19,0.07,0.1,0.16,0.05,0.02,0.1,0,0.01,0.02,0.01,0.01,0.01,0.03,0.02,0.01,0.02,0.01,0.01,0,0.04,0,0.01
Mendo,0.09,0.04,0.02,0.02,0.07,0.01,0.04,0.02,0.03,0.02,0,0.01,0.01,0.01,0.01,0.01,0.01,0.01,0.01,0,0,0,0.08
Sour Orange,0.09,0.03,0.03,0,0.02,0.01,0.04,0,0.01,0.02,0.01,0.01,0.01,0.01,0.01,0.01,0.01,0,0.04,0.04,0.04,0,0.03
Purple Dragon,0.09,0.04,0.02,0.02,0,0.01,0.03,0.02,0.03,0.02,0.01,0.01,0.01,0.01,0.01,0.01,0.01,0.01,0.01,0.09,0.01,0.01,0
"Bergman's ""Gold Leaf""",0.16,0.09,0.11,0,0.02,0.01,0.06,0,0.01,0.02,0.01,0.01,0.01,0.01,0,0.01,0.01,0.01,0.02,0.09,0.01,0,0.06
Bruce Banner,0.12,0.06,0.05,0.07,0.07,0.01,0.03,0,0.02,0.02,0.01,0.03,0.01,0.01,0,0,0.01,0.01,0.03,0,0.01,0,0.08
Mandarin Jack,0,0.11,0.06,0.04,0.08,0.02,0.03,0,0.02,0.01,0.01,0.01,0.01,0,0,0.01,0.01,0.01,0.02,0.18,0,0,0.12
Banana Bread,0.11,0.04,0.05,0.11,0.08,0.01,0.03,0,0.02,0.01,0.01,0.01,0.01,0,0.01,0.01,0.01,0.01,0.04,0.05,0.01,0,0.03
Banana Ice Cream,0,0.08,0.06,0.04,0.1,0.02,0.04,0,0.01,0.01,0.01,0.01,0.01,0,0,0.01,0.01,0.03,0.02,0.2,0.01,0,0.13
Waffle Dough,0.14,0.05,0.09,0.07,0.11,0.02,0.05,0.01,0.02,0.01,0.01,0.01,0.01,0.05,0.02,0.01,0.01,0.01,0,0,0.01,0.01,0.24
Amherst Sour Diesel,0,0,0,0,0,0,0,0,0,0,0,0,0,0,0,0,0,0,0,0,0,0,0
Mango Sapphire,0,0,0,0,0,0,0,0,0,0,0,0,0,0,0,0,0,0,0,0,0,0,0
Chronic Bio Diesel Fuel Flower,0,0,0,0,0,0,0,0,0,0,0,0,0,0,0,0,0,0,0,0,0,0,0
Grandpa Breath,0,0.02,0.01,0.01,0.03,0.01,0.02,0,0.01,0.01,0,0,0,0.02,0.01,0.01,0,0.01,0.01,0.02,0,0,0.01
Foot Cheese Auto,0.03,0.01,0.04,0.02,0.06,0.01,0,0,0.01,0.01,0.01,0.01,0.01,0.1,0.03,0.01,0.01,0.01,0.01,0.09,0.07,0,0
Forum Stomper Auto,0.24,0.09,0.09,0.05,0.12,0.02,0.28,0,0.02,0.01,0.01,0.01,0.01,0.01,0,0.01,0.01,0.01,0.02,0,0,0,0
Black Cherry Cheesecake Cookies,0.2,0.08,0.08,0.05,0.23,0.02,0.1,0.01,0.02,0.01,0.01,0.01,0.01,0.01,0.01,0.01,0.01,0.01,0.01,0,0.01,0,0
Papaya Cake,0.17,0.06,0.07,0.04,0.22,0.02,0.2,0.02,0.01,0.01,0.01,0.01,0.01,0.01,0,0.01,0.01,0.01,0.02,0,0.03,0,0
Stay Puft,0.13,0.04,0.07,0.04,0.14,0.02,0,0.01,0.01,0.01,0.01,0.01,0.01,0.05,0.01,0.01,0.01,0.01,0.02,0.3,0,0,0
Apple Fritter,0,0.14,0.08,0.1,0.1,0.02,0.03,0.02,0.01,0.02,0.01,0.01,0.01,0.03,0.01,0.01,0.01,0.01,0.02,0.26,0,0,0
Runtz,0.13,0.04,0.04,0.03,0.11,0.01,0,0.02,0.02,0.01,0.01,0.01,0.01,0.01,0,0.01,0.01,0.01,0.01,0.08,0,0,0.05
AK-47,0.12,0.05,0.05,0.03,0.14,0.02,0.12,0.02,0.02,0.01,0.01,0.01,0.01,0.16,0,0.01,0.01,0.01,0.01,0,0,0,0
Purple Chemdawg,0.16,0.06,0.09,0.05,0.08,0.02,0.13,0.02,0.02,0.01,0.01,0.01,0.01,0.01,0,0.01,0.01,0.01,0.02,0,0,0.01,0
Emergen-C,0.2,0.06,0.07,0.04,0.29,0.02,0,0.02,0.02,0.02,0.01,0.01,0.01,0.01,0,0.01,0.01,0.01,0.02,0.39,0.04,0,0
44713,0.17,0.07,0.06,0.03,0.08,0.01,0.24,0,0.01,0.01,0.01,0.01,0.01,0.01,0,0.01,0.01,0.01,0.01,0,0,0,0
Critical Kush,0.17,0.09,0.06,0.11,0.08,0.01,0,0,0.01,0.01,0.01,0.01,0.01,0.73,0.01,0.01,0.01,0.01,0.01,0.11,0,0,0.01
Wedding Cake 1,0.22,0.09,0.06,0.04,0.12,0.02,0.03,0,0.02,0.01,0.01,0.01,0.01,0.01,0,0.01,0.01,0.01,0.01,0,0.07,0,0
Punch Breath,0.09,0.04,0.06,0.05,0.03,0.02,0.12,0,0.01,0.01,0.01,0.01,0.01,0.04,0.01,0.01,0.01,0.01,0.02,0,0.03,0,0
Kitchen Sink,0.29,0.11,0.06,0.03,0.04,0.01,0,0,0.02,0.01,0.01,0.01,0.01,0.01,0,0.01,0.01,0.01,0.02,0.28,0,0,0
LD X FP X Runtz B,0,0.23,0.05,0.03,0.12,0.01,0.07,0,0.02,0.01,0.01,0.01,0.01,0.01,0.01,0.01,0.03,0.01,0.01,0.2,0,0,0
LD X FP X LD X FP E,0,0.18,0.05,0.03,0.03,0.01,0.04,0,0.01,0.01,0.02,0.02,0.01,0.07,0.01,0.02,0.33,0.01,0.01,0.03,0,0,0
Super Pink,0.08,0.03,0.02,0.01,0.02,0.01,0,0,0.01,0.02,0,0,0.01,0.03,0.01,0.01,0.01,0.01,0.02,0.04,0.06,0,0.03
Lemon Cherry Gelato,0,0.1,0.03,0.04,0.05,0.01,0.02,0,0.09,0.01,0,0,0.01,0.01,0,0.01,0.01,0.01,0.01,0.16,0,0,0.1
Axle Grease,0,0.01,0.04,0.01,0.11,0.02,0,0.02,0.01,0.01,0.03,0.03,0.08,0.01,0,0.01,0.02,0.04,0.02,0.03,0,0.01,0.24
Seed Junky Genetics-Jealousy #5,0,0,0,0,0,0,0,0,0,0,0,0,0,0,0,0,0,0,0,0,0,0,0
Twenty20 5g Homegrown,0.11,0.06,0.05,0.05,0.07,0.02,0.16,0.01,0.02,0.01,0.01,0.01,0.01,0.02,0.01,0.01,0.01,0.01,0.02,0,0.01,0.15,0
Mike's OG,0.11,0.04,0.09,0.17,0.02,0.01,0,0.01,0.01,0.01,0.01,0.02,0.01,0.01,0.02,0.01,0.01,0.01,0.02,0.06,0.01,0.04,0.04
Detroit Hustle x Tropsantos #1,0.05,0.02,0.29,0,0.07,0.02,0.26,0.02,0.01,0.01,0.01,0.01,0.01,0.01,0.03,0.01,0.01,0.01,0.01,0.1,0.01,0.07,0
Detroit Hustle x Tropfetti #3,0.15,0.06,0.12,0.07,0.04,0.02,0.1,0.02,0.01,0.01,0.03,0.03,0.01,0.07,0.01,0.02,0,0.01,0.03,0.17,0.01,0.01,0
Crom,0.24,0.08,0.07,0.04,0.12,0.02,0.15,0.01,0.02,0.01,0.01,0.01,0.01,0.01,0.1,0.01,0.01,0.01,0.01,0,0.01,0.13,0
Shovels Ice Cream #2,0.05,0.02,0.33,0,0.09,0.03,0.37,0.02,0.01,0.01,0.01,0.01,0.01,0.01,0.01,0.01,0.01,0.01,0.01,0.14,0.01,0.08,0
Melt Banana,0.21,0.09,0.06,0.04,0.07,0.02,0,0.02,0.02,0.02,0.01,0.01,0.01,0.03,0.01,0.01,0.01,0.01,0.02,0.17,0.01,0.01,0
Extreme Cream 1,0,0,0,0,0,0,0,0,0,0,0,0,0,0,0,0,0,0,0,0,0,0,0
Pineapple Purp,0,0,0,0,0,0,0,0,0,0,0,0,0,0,0,0,0,0,0,0,0,0,0
Ice God F2,0,0,0,0,0,0,0,0,0,0,0,0,0,0,0,0,0,0,0,0,0,0,0
Pink Panther OG,0.31,0.15,0.04,0.02,0.11,0.01,0,0.01,0.02,0.02,0.01,0.01,0.01,0.01,0.01,0.01,0.01,0.01,0.02,0.18,0.01,0.11,0
Deep V,0.22,0.09,0.06,0.04,0.04,0.02,0.07,0.01,0.03,0.01,0.01,0.01,0.01,0.01,0.01,0.01,0.01,0.01,0.02,0,0.04,0.15,0
Black Durban X 592,0.11,0.05,0.05,0.08,0.06,0.01,0,0.01,0.02,0.01,0.01,0.01,0.01,0.01,0.01,0.01,0.01,0.01,0.02,0.09,0.03,0.06,0
Kimbo Kush,0.09,0.03,0.06,0.03,0.14,0.01,0,0.01,0.01,0.01,0.01,0.01,0.01,0.01,0.05,0.01,0.01,0.01,0.01,0.19,0.02,0.09,0
KL Runts/Kimbo Kush,0.11,0.04,0.04,0.02,0.09,0.01,0.04,0.01,0.02,0.01,0.06,0.03,0.01,0.09,0.04,0.01,0.01,0.01,0.01,0,0.01,0.1,0.08
Eager Beaver #2,0.1,0.04,0.05,0.03,0.12,0.01,0.06,0.01,0.01,0.01,0.01,0.01,0.01,0.01,0.05,0.01,0.01,0.01,0.01,0,0.01,0.11,0
French Toast #5,0.36,0.12,0.09,0.05,0.18,0.02,0.25,0.02,0.01,0.02,0.01,0.01,0.01,0.01,0.11,0.01,0.01,0.01,0.04,0,0.01,0.01,0
K.O. Runtz #1,0.08,0.03,0.06,0.03,0.12,0.01,0,0.01,0.02,0.01,0.01,0.01,0.01,0.01,0.05,0.01,0.01,0.01,0.01,0.16,0.01,0.11,0.1
Banana Bread,0.1,0.04,0.05,0.11,0.08,0.01,0,0.02,0.02,0.01,0.01,0.01,0.01,0.19,0.05,0.01,0.01,0.01,0.03,0.07,0.01,0.07,0.01
Mandarin Jack,0,0.1,0.05,0.03,0.09,0.02,0.03,0.02,0.02,0.01,0.01,0.03,0.01,0.1,0.04,0.01,0.01,0.01,0.02,0.14,0.01,0.13,0.08
Apple Jacks,0.17,0.07,0.18,0.26,0.15,0.03,0.04,0.01,0.02,0.02,0.01,0.01,0.01,0.07,0.03,0.01,0.02,0.01,0.02,0,0.01,0.25,0.01
Frozen Runtz,0.12,0.05,0.13,0.07,0.3,0.03,0.18,0.01,0.03,0.02,0.01,0.01,0.01,0.01,0.15,0.01,0.02,0.01,0.01,0,0.01,0.02,0
Popscotti,0.15,0.05,0.14,0.13,0.19,0.03,0.05,0.02,0.01,0.02,0.01,0.01,0.01,0.01,0.1,0.01,0.02,0.01,0.01,0,0.01,0.33,0
Fang,0.32,0.11,0.13,0.12,0.12,0.03,0.04,0.01,0.03,0.03,0.01,0.01,0.01,0.01,0.11,0.01,0.02,0.01,0.04,0,0.02,0.28,0
Garlicane,0.25,0.1,0.08,0.05,0.07,0.02,0.13,0.01,0.01,0.02,0.01,0.01,0.01,0.01,0.1,0.01,0.01,0.01,0.02,0,0.01,0.13,0
Punch 3.0,0.09,0.01,0.07,0.06,0.06,0.02,0.1,0.01,0.01,0.02,0.01,0.01,0.01,0.01,0.07,0.01,0.01,0.01,0.01,0,0.03,0.12,0
Banana Ice Cream,0.22,0.08,0.11,0.07,0.15,0.03,0.11,0.01,0.02,0.02,0.01,0.01,0.01,0.01,0.11,0.01,0.02,0.01,0.02,0,0.01,0.22,0
FMJ 6,0,0.08,0.07,0.05,0.13,0.02,0.18,0.01,0.01,0.02,0.01,0.01,0.01,0.01,0.06,0.01,0.01,0.01,0.03,0.21,0.01,0.15,0
Black Magic,0.07,0.03,0.05,0.05,0.08,0.02,0.03,0.01,0.01,0.02,0.07,0.04,0.01,0.01,0.04,0.01,0.01,0.01,0,0,0.01,0.1,0.09
Blue Dream 2,0.1,0.06,0.04,0.03,0.06,0.01,0.05,0.01,0.01,0.02,0.02,0.02,0.01,0.06,0.01,0.02,0,0.01,0.02,0.09,0.02,0.01,0
Purple Frosting,0,0.12,0.02,0.02,0.09,0.01,0.12,0,0.01,0.02,0.03,0.02,0.01,0.01,0.02,0.01,0.01,0.01,0.02,0.05,0.05,0.03,0.03
Pure Michigan,0.22,0.1,0.06,0.04,0.04,0.02,0.05,0.01,0.02,0.02,0.01,0.01,0.01,0.03,0.02,0.01,0.02,0.01,0.03,0,0.02,0.18,0
Blue Dream 1,0.14,0.05,0.07,0.05,0.14,0.02,0.05,0.01,0.01,0.02,0.01,0.01,0.01,0.01,0.1,0.01,0.02,0.01,0.01,0,0.01,0.12,0
Miami Mami,0.15,0.06,0.05,0.03,0.09,0.02,0,0.01,0.02,0.02,0.01,0.01,0.01,0.01,0.04,0.01,0.01,0.01,0.01,0.13,0.01,0.09,0.08
Apple Fritter,0.29,0.1,0.11,0.13,0.17,0.02,0.05,0.01,0.02,0.02,0.01,0.01,0.01,0.05,0.02,0.01,0.02,0.01,0.02,0,0.02,0.18,0.01
Cream Pie,0.03,0.02,0.03,0.08,0.02,0.01,0,0,0.01,0.02,0.01,0.01,0,0.01,0.01,0.02,0.01,0.01,0.01,0.02,0.07,0.02,0.01
Uncle Monkey,0.1,0.04,0.08,0.1,0.06,0.02,0.18,0.01,0.01,0.02,0.01,0.01,0.01,0.04,0.02,0.01,0.02,0.01,0.01,0,0.01,0.12,0
Garlic Breath,0,0.1,0.03,0.03,0.06,0.01,0.07,0.01,0.02,0.02,0.01,0.04,0.01,0.01,0.05,0.01,0.01,0.01,0.02,0.16,0.01,0.06,0
White Papaya,0.18,0.06,0.05,0.03,0.07,0.02,0.12,0.01,0.01,0.02,0.01,0.01,0.01,0.01,0.06,0.01,0.01,0.01,0.01,0,0.03,0.08,0
Ice Cream Cake,0.13,0.06,0.04,0.03,0.16,0.02,0.02,0.01,0.02,0.02,0.01,0.01,0.01,0.01,0.05,0.01,0.01,0.01,0.01,0,0.01,0.07,0
Black Magic,0.07,0.03,0.05,0.05,0.08,0.02,0.03,0.01,0.01,0.02,0.07,0.04,0.01,0.01,0.04,0.01,0.01,0.01,0,0,0.01,0.1,0.09
Trop Punch,0,0,0,0,0,0,0,0,0,0,0,0,0,0,0,0,0,0,0,0,0,0,0
Key Lime Kush,0,0,0,0,0,0,0,0,0,0,0,0,0,0,0,0,0,0,0,0,0,0,0
FMJ 4,0,0,0,0,0,0,0,0,0,0,0,0,0,0,0,0,0,0,0,0,0,0,0
Critical Mass,0,0,0,0,0,0,0,0,0,0,0,0,0,0,0,0,0,0,0,0,0,0,0
Tree #14,0,0,0,0,0,0,0,0,0,0,0,0,0,0,0,0,0,0,0,0,0,0,0
Tree #12,0,0,0,0,0,0,0,0,0,0,0,0,0,0,0,0,0,0,0,0,0,0,0
Super Maui-O,0.22,0.08,0.21,0.6,0.09,0.02,0,0.01,0.02,0.02,0.01,0.01,0.01,0.11,0.01,0.01,0.01,0.01,0.01,0.24,0.01,0.08,0.01
Colorado Cherry Hemp Flower,0,0.03,0.01,0.02,0.01,0.02,0.02,0,0.01,0.02,0.01,0,0.01,0.01,0.01,0.01,0,0.01,0.06,0.01,0.03,0.03,0
VELQRO,0,0,0,0,0,0,0,0,0,0,0,0,0,0,0,0,0,0,0,0,0,0,0
N.O.M. Seeds,0,0,0,0,0,0,0,0,0,0,0,0,0,0,0,0,0,0,0,0,0,0,0
Tropsantos,0.1,0.04,0.09,0.26,0.02,0.02,0,0,0.08,0.01,0,0,0,0.06,0,0,0,0.01,0,0.09,0,0.02,0
Shovels Icecream #2,0.04,0.03,0.36,0,0.09,0.03,0.27,0,0.07,0,0,0,0,0.01,0,0,0.01,0.01,0,0.13,0,0,0
3B325C #6,0.12,0.05,0.07,0.05,0.17,0.03,0.19,0,0.06,0.02,0,0,0,0.03,0,0,0.02,0.02,0.06,0,0.03,0.06,0
Detroit Hustle x Tropfetti #2,0.11,0.04,0.17,0.12,0.05,0.02,0.14,0,0.07,0.02,0.06,0.06,0,0.06,0.02,0.05,0,0.02,0,0.12,0,0,0
Crom #6,0.2,0.07,0.09,0.06,0.14,0.03,0.14,0.02,0.02,0.02,0.02,0.02,0.02,0.33,0.11,0.02,0.02,0.01,0,0,0.02,0.16,0.01
Biscotti,0.19,0.07,0.08,0.06,0.07,0.02,0.12,0.02,0.03,0.02,0.03,0.03,0.02,0.09,0.02,0.03,0,0.01,0.02,0.08,0.03,0.06,0.01
Swamp Thing,0.14,0.05,0.06,0.04,0.13,0.02,0,0.02,0.02,0.02,0.09,0.04,0.01,0.12,0.05,0.01,0.02,0.01,0.03,0.16,0.02,0.1,0.1
Animal Mints BX1,0.34,0.13,0.1,0.06,0.21,0.03,0.04,0.01,0.03,0.02,0.01,0.01,0.02,0.42,0.14,0.01,0.02,0.01,0.03,0,0.02,0.2,0.01
Gorilla Glue #4,0.4,0.13,0.07,0.05,0.1,0.02,0.39,0.02,0.03,0.02,0.02,0.02,0.02,0.01,0.1,0.02,0.02,0.01,0.04,0,0.02,0.14,0.01
Velvet Glove,0.23,0.1,0.1,0.06,0.1,0.03,0,0.02,0.03,0.02,0.02,0.02,0.02,0.01,0.11,0.02,0.02,0.01,0.02,0.46,0.02,0.17,0.01
Snowball S1,0.18,0.07,0.14,0.15,0.15,0.03,0.05,0.02,0.02,0.02,0.01,0.01,0.02,0.06,0.02,0.02,0.02,0.01,0.01,0,0.04,0.24,0.01
Animal Mints BX1,0.34,0.13,0.1,0.06,0.21,0.03,0.04,0.01,0.03,0.02,0.01,0.01,0.02,0.42,0.14,0.01,0.02,0.01,0.03,0,0.02,0.2,0.01
strawberry cream x wilson x grease monkey,0,0.08,0.09,0.12,0.03,0.02,0.04,0.02,0.02,0.03,0.12,0.02,0.01,0.02,0.02,0.02,0.02,0.01,0.02,0.24,0.05,0.13,0.15
Apes in Space,0.19,0.08,0.1,0.07,0.11,0.03,0.1,0.02,0.03,0.02,0.02,0.02,0.02,0.28,0.1,0.02,0.02,0.01,0.02,0,0.02,0.21,0.01
Cactus Breath (Green),0.21,0.1,0.1,0.07,0.05,0.02,0.12,0.01,0.02,0.02,0.03,0.03,0.02,0.07,0.02,0.03,0,0.01,0.02,0.08,0.02,0.02,0.01
Garlic Breath,0.26,0.12,0.09,0.06,0.09,0.03,0,0.02,0.02,0.02,0.02,0.02,0.02,0.01,0.07,0.02,0.02,0.01,0.03,0.24,0.02,0.19,0.15
Sugarcane,0.33,0.12,0.09,0.07,0.05,0.03,0.14,0.02,0.01,0.02,0.01,0.01,0.02,0.1,0.04,0.02,0.02,0.01,0.02,0,0.04,0.16,0.01
Watermelon Haze,0.08,0.04,0.12,0.17,0.07,0.02,0,0.02,0.02,0.02,0.02,0.02,0.02,0.01,0.03,0.02,0.02,0.01,0.02,0.09,0.04,0.12,0.06
PacMan (afpak x pinkman),0.14,0.08,0.15,0.33,0.06,0.02,0,0,0.03,0.02,0.02,0.02,0.01,0.05,0.02,0.02,0.02,0.01,0.03,0.1,0.02,0.05,0.01
Strawberry Diesel,0.19,0.07,0.09,0.05,0.11,0.02,0,0.02,0.02,0.02,0.01,0.01,0.02,0.01,0.11,0.01,0.02,0.01,0.02,0.45,0.02,0.14,0.01
Colombian Prophet,0.25,0.09,0.13,0.13,0.14,0.03,0.1,0.02,0.03,0.02,0.02,0.02,0.02,0.06,0.03,0.02,0.03,0.01,0.02,0,0.02,0.25,0.01
"PBnJ ""Docs Cut""",0.13,0.06,0.13,0,0.06,0.02,0.3,0,0.02,0.03,0.01,0.01,0.01,0.08,0.03,0.01,0.02,0.01,0.03,0.05,0.02,0.03,0.01
Frosted Garlic Margy,0.08,0.04,0.19,0.15,0.02,0.05,0.21,0.02,0.04,0.02,0.01,0.02,0.02,0.1,0.04,0.02,0.03,0.01,0.02,0,0.02,0.02,0.01
FFO,0.11,0.04,0.08,0.3,0.05,0.02,0,0,0.01,0.02,0.01,0.01,0.01,0.02,0.02,0.02,0.02,0.01,0.02,0.02,0.02,0.03,0.01
MSDO,0.19,0.08,0.04,0.03,0.04,0.01,0,0.01,0.01,0.02,0.01,0.01,0.01,0.03,0.01,0.01,0.07,0.01,0.02,0.11,0.03,0.05,0
Blackberry OG,0,0.08,0.03,0.03,0.14,0.02,0.07,0.01,0.02,0.02,0.01,0.04,0.01,0.12,0.04,0.01,0.01,0.01,0.02,0.16,0.02,0.11,0.1
MOB,0.17,0.06,0.07,0.1,0.04,0.02,0.08,0.02,0.04,0.03,0.02,0.07,0.02,0.03,0.02,0.02,0.02,0.01,0.03,0,0.02,0.17,0.01
Strawberry clair,0.21,0.09,0.05,0.03,0.08,0.02,0.23,0,0.02,0.02,0.01,0.06,0.02,0.01,0.07,0.02,0.02,0.01,0,0,0.02,0.08,0.01
Strawberry Cough,0.1,0.03,0.07,0.05,0.04,0.01,0.2,0.02,0.01,0.02,0.03,0.03,0.01,0.06,0.01,0.02,0,0.01,0.02,0.05,0.01,0.04,0
Purple Chemdawg,0.17,0.06,0.08,0.05,0.06,0.02,0.15,0.01,0.03,0.02,0.01,0.01,0.01,0.01,0.07,0.01,0.02,0.01,0.02,0,0.02,0.18,0
GMO21,0,0.18,0.06,0.04,0.02,0.02,0.26,0.01,0.03,0.02,0.01,0.01,0.01,0.01,0.08,0.01,0.02,0.01,0.05,0.33,0.02,0.12,0
Banana Bread,0.14,0.06,0.07,0.16,0.11,0.02,0,0,0.03,0.02,0.01,0.02,0.01,0.36,0.1,0.02,0.02,0.01,0.04,0.14,0.02,0.08,0.01
Waffle Cone,0.17,0.06,0.17,0.16,0.17,0.04,0.06,0.01,0.02,0.02,0.01,0.01,0.02,0.06,0.02,0.02,0.02,0.01,0.02,0,0.04,0.35,0.01
Barn Burner,0.04,0.03,0.13,0.1,0.13,0.03,0.29,0.02,0.01,0.03,0.02,0.02,0.02,0.05,0.02,0.02,0.03,0.01,0.02,0,0.03,0.24,0.01
Rotten Mango,0.04,0.03,0.09,0.08,0.04,0.01,0,0.02,0.01,0.03,0.03,0.03,0.02,0.17,0.02,0.03,0.38,0.01,0.02,0.03,0.03,0.03,0.01
Banana Ice Cream,0.24,0.08,0.11,0.07,0.09,0.03,0.14,0.01,0.02,0.02,0.01,0.1,0.02,0.39,0.12,0.02,0.02,0.01,0.02,0,0.02,0.17,0.01
Waffle Dough,0.18,0.07,0.15,0.14,0.14,0.03,0.1,0.02,0.03,0.02,0.02,0.14,0.02,0.06,0.03,0.02,0.02,0.01,0.04,0,0.02,0.23,0.01
Pinewalker CBDv #1,0.2,0.09,0.06,0.12,0.03,0.02,0,0,0.01,0.03,0.02,0.04,0.02,0.33,0.1,0.28,0.02,0.02,0.03,0.13,0.03,0.06,0.01
Pinewalker CBDv #2,0.2,0.09,0.06,0.14,0.04,0.02,0,0,0.01,0.03,0.02,0.04,0.02,0.34,0.11,0.29,0.02,0.02,0.04,0.14,0.03,0.06,0.01
Forbidden V #2,0.23,0.1,0.06,0.1,0.05,0.02,0,0,0.02,0.03,0.02,0.04,0.02,0.18,0.06,0.16,0.02,0.01,0.04,0.14,0.03,0.07,0.01
HPC21,0.12,0.04,0.07,0.21,0.07,0.01,0,0.02,0.01,0.02,0.01,0.01,0.01,0.02,0.01,0.01,0.01,0.01,0.02,0.07,0.02,0.05,0
ACBDC-Sample #1,0.05,0.03,0.04,0.09,0.02,0.01,0,0,0.01,0,0.01,0.02,0.01,0.02,0.01,0.02,0.11,0.01,0.01,0.02,0,0.02,0.01
Cherry Pie,0.39,0.17,0.09,0.05,0.28,0.02,0,0.03,0.03,0.03,0.01,0.01,0.01,0.01,0.1,0.01,0.02,0.01,0.02,0.39,0.02,0.18,0.01
White Widow,0.19,0.1,0.06,0.1,0.11,0.02,0.16,0,0.03,0.03,0.01,0.01,0.01,0.03,0.02,0.01,0.02,0.01,0.04,0,0.02,0.09,0.01
Bruce Banner,0,0.16,0.03,0.03,0.04,0.01,0.04,0.02,0.03,0.04,0.07,0.03,0.01,0.01,0.04,0.01,0.01,0.01,0.05,0.13,0.02,0.07,0.08
Golden Lemon & Unknown,0.2,0.08,0.19,0.4,0.05,0.02,0,0,0.02,0.02,0.01,0.01,0.01,0.03,0.01,0.01,0.01,0.01,0.01,0.22,0.02,0.02,0
Hemp Flower,0,0,0,0,0,0,0,0,0,0,0,0,0,0,0,0,0,0,0,0,0,0,0
Pre Roll,0,0,0,0,0,0,0,0,0,0,0,0,0,0,0,0,0,0,0,0,0,0,0
Space Cheese X Astrodawg,0.4,0.13,0.05,0.03,0.08,0.01,0,0,0.02,0.02,0.1,0.01,0.01,0.01,0.05,0.01,0.01,0.01,0.04,0.19,0.02,0.09,0.11
Sweet N' Stanky #4,0.2,0.07,0.06,0.03,0.09,0.02,0,0.02,0.03,0.03,0.01,0.06,0.01,0.01,0.08,0.01,0.01,0.01,0.02,0.27,0.03,0.09,0
Purple Candy,0.32,0.18,0.04,0.02,0.05,0.01,0,0.02,0.02,0.02,0.08,0.04,0.01,0.01,0.04,0.01,0.01,0.01,0.02,0.14,0.02,0.07,0.08
Platinum Cookie Glue #1,0.22,0.08,0.06,0.21,0.06,0.02,0,0,0.02,0.03,0.01,0.02,0.01,0.05,0.02,0.05,0.01,0.01,0.02,0.06,0,0.03,0
Werewolf OG #1,0.28,0.09,0.07,0.04,0.19,0.02,0,0,0.02,0.03,0.01,0.01,0.01,0.01,0.07,0.01,0.02,0.01,0.02,0.26,0.02,0.11,0
Wonder Woman,0.21,0.09,0.04,0.03,0.03,0.02,0.08,0,0.02,0.03,0.01,0.01,0.01,0.01,0.01,0.01,0.01,0.01,0.02,0,0.01,0.06,0
Lemon Thriller,0,0.1,0.02,0.02,0.06,0.01,0.03,0,0.01,0.03,0.01,0.01,0.01,0.05,0.01,0.01,0.01,0.01,0.04,0.06,0.01,0.07,0.03
Gorilla Water,0,0.16,0.05,0.03,0.04,0.02,0.06,0,0.03,0.03,0.01,0.06,0.01,0.01,0.01,0.01,0.01,0.01,0.05,0.28,0.02,0.08,0
Mango Sherbet,0,0.19,0.05,0.03,0.07,0.02,0.11,0.02,0.03,0.03,0.11,0.05,0.01,0.01,0.06,0.01,0.01,0.01,0.08,0.22,0.04,0.07,0.12
Purple Mountain Majesty,0,0.23,0.05,0.03,0.05,0.02,0.3,0,0.03,0.03,0.1,0.04,0.01,0.01,0.01,0.01,0.01,0.01,0.03,0.2,0.02,0.07,0.11
Pine Sap Kush (CBD),0.24,0.08,0.1,0.33,0.02,0.02,0,0,0.02,0.03,0.01,0.01,0.01,0.12,0.03,0.01,0.03,0.01,0.06,0.07,0.05,0.04,0.01
White Cherry Gelato,0,0,0,0,0,0,0,0,0,0,0,0,0,0,0,0,0,0,0,0,0,0,0
Rainbow Belts,0,0,0,0,0,0,0,0,0,0,0,0,0,0,0,0,0,0,0,0,0,0,0
Funnel Cake,0,0,0,0,0,0,0,0,0,0,0,0,0,0,0,0,0,0,0,0,0,0,0
White Raspberry Gelato,0,0,0,0,0,0,0,0,0,0,0,0,0,0,0,0,0,0,0,0,0,0,0
Hasidic Chem,0.21,0.06,0.09,0.06,0.12,0.02,0.52,0.02,0.03,0.02,0.01,0.01,0.01,0.01,0.16,0.01,0.02,0.01,0.01,0,0.01,0.19,0
Butterwolf,0.12,0.04,0.08,0.05,0.27,0.02,0.22,0,0.02,0.03,0.01,0.01,0.01,0.01,0.07,0.01,0.02,0.01,0.02,0,0,0.19,0
ButterStuff 3,0.07,0.03,0.09,0.06,0.02,0.02,0.13,0,0.01,0.02,0.03,0.03,0.01,0.07,0.01,0.02,0,0.01,0.02,0.13,0.01,0.02,0
ButterStuff 6,0,0.14,0.04,0.03,0.37,0.02,0.11,0.05,0.04,0.04,0.02,0.04,0.02,0.11,0.04,0,0.03,0.04,0.1,0.13,0.03,0.25,0.07
Panm,0,0.06,0.04,0.03,0.16,0.02,0.07,0,0.02,0.03,0.05,0.02,0.01,0.08,0.03,0.01,0.01,0.01,0.02,0.1,0.01,0.09,0.05
Gorilla Bomb,0.13,0.05,0.28,0,0.05,0.02,0.34,0.02,0.02,0.03,0.37,0.02,0.01,0.03,0.01,0.02,0.02,0.01,0.02,0.07,0.03,0.05,0
Fruit Loops,0.17,0.07,0.03,0.05,0.04,0.01,0,0,0.02,0.04,0.01,0.01,0.01,0.19,0.05,0.13,0,0.01,0.05,0.01,0.02,0,0.01
Powpaya #3,0.31,0.09,0.06,0.04,0.04,0.02,0,0,0.01,0.03,0.01,0.06,0.01,0.01,0.09,0.01,0.02,0.01,0.02,0.33,0.04,0.09,0
Diesel Biscotti Sundae,0.43,0.13,0.05,0.03,0.13,0.02,0,0,0.03,0.02,0.01,0.01,0.01,0.01,0.05,0.01,0.01,0.01,0.03,0.18,0.02,0.06,0.1
GMO,0.3,0.12,0.1,0.07,0.07,0.03,0.26,0,0.03,0.03,0.01,0.01,0.01,0.5,0.16,0.01,0.02,0.01,0.02,0,0.02,0.2,0.01
Rad,0.07,0.03,0.39,0,0.02,0.03,0.19,0.02,0.01,0,0.01,0.01,0.01,0.02,0.01,0.01,0.01,0.01,0,0.09,0.02,0.06,0
Mac N Cookies,0.17,0.08,0.04,0.03,0.13,0.01,0.07,0.02,0.02,0.02,0.11,0.01,0.01,0.16,0.06,0.01,0.01,0.01,0.06,0,0.04,0.17,0.12
Zkittlez,0.24,0.07,0.06,0.04,0.42,0.02,0,0.02,0.03,0,0.01,0.01,0.01,0.01,0.09,0.01,0.01,0.01,0,0.31,0.01,0.01,0
Dosido,0.18,0.07,0.08,0.05,0.29,0.02,0.08,0.02,0.03,0.02,0.01,0.01,0.01,0.01,0.09,0.01,0.01,0.01,0.02,0,0.01,0.25,0
Peanut Butter Cake Mix,0.12,0.05,0.05,0.05,0.06,0.02,0.06,0.02,0.02,0.02,0.01,0.04,0.01,0.02,0.01,0.01,0.01,0.01,0.04,0,0.02,0.13,0.1
Chmdawg,0.25,0.09,0.06,0.04,0.03,0.02,0.14,0,0.02,0.03,0.01,0.06,0.01,0.24,0.09,0.01,0.01,0.01,0.03,0,0.02,0.15,0
Ice Cream Cake,0,0.1,0.04,0.03,0.18,0.02,0.03,0,0.03,0.03,0.07,0.03,0.01,0.02,0.01,0.01,0.01,0.01,0.02,0.14,0,0.18,0.08
Wilson Zero,0.06,0.03,0.15,0.18,0.12,0.03,0.19,0,0.01,0,0.01,0.01,0.01,0.01,0.17,0.01,0.02,0.01,0.01,0,0,0.21,0
Wet Paint,0.04,0.02,0.11,0.16,0.04,0.02,0,0.03,0.01,0.02,0.01,0.01,0.01,0.01,0.05,0.01,0.01,0.01,0.01,0.19,0.02,0.1,0.1
Wedding Crasher,0,0,0,0,0,0,0,0,0,0,0,0,0,0,0,0,0,0,0,0,0,0,0
Turkish Delight,0.07,0.03,0.08,0.06,0.02,0.01,0.13,0,0.01,0,0.03,0.03,0.01,0.16,0.01,0.03,0,0.01,0.01,0.13,0.02,0.05,0.01
Flower Sample,0,0,0,0,0,0,0,0,0,0,0,0,0,0,0,0,0,0,0,0,0,0,0
Grapefruit Chem,0.04,0.02,0.02,0.01,0.04,0.01,0,0,0.01,0,0.02,0.02,0,0.02,0.02,0.01,0,0.01,0,0.03,0,0.02,0.02
LA Kusk Cake #2,0.24,0.09,0.06,0.04,0.16,0.02,0.06,0,0,0.02,0,0,0,0,0,0,0.01,0.02,0.03,0.27,0,0,0
Skunk Hero Flower,0.19,0.06,0.02,0.02,0.06,0,0.09,0,0,0,0,0,0.01,0,0,0,0,0.03,0.02,0.03,0,0,0
Salami Glue 44,0.09,0.05,0.06,0.05,0.05,0.02,0.01,0,0,0,0,0,0,0,0,0,0.01,0.05,0,0.11,0,0,0
Sweet Jake Haze,0.05,0.02,0.05,0.1,0.03,0.01,0.08,0,0,0,0.02,0.02,0.04,0,0,0.02,0.07,0.02,0,0.02,0,0,0
Jar 7,0.32,0.11,0.08,0.05,0.24,0.02,0.06,0.02,0.03,0.01,0.01,0.01,0.01,0.31,0.01,0.01,0.02,0.01,0.03,0,0,0.01,0
Jar 2,0,0,0,0,0,0,0,0,0,0,0,0,0,0,0,0,0,0,0,0,0,0,0
Pheno Cup Flower D,0,0,0,0,0,0,0,0,0,0,0,0,0,0,0,0,0,0,0,0,0,0,0
Purple Punch,0,0,0,0,0,0,0,0,0,0,0,0,0,0,0,0,0,0,0,0,0,0,0
Purple Cake,0,0,0,0,0,0,0,0,0,0,0,0,0,0,0,0,0,0,0,0,0,0,0
Charolette,0,0,0,0,0,0,0,0,0,0,0,0,0,0,0,0,0,0,0,0,0,0,0
G13 x GMO,0.07,0.03,0.04,0.03,0,0.01,0.04,0,0.01,0,0,0,0.01,0,0,0,0.01,0.01,0.01,0,0,0,0
Triangle Pupil x Seasoned Meat,0.03,0.02,0.02,0.01,0.05,0.01,0,0,0.01,0,0,0,0,0,0,0,0,0.01,0,0.08,0,0,0
G13 x GMO,0.07,0.03,0.04,0.03,0,0.01,0.04,0,0.01,0,0,0,0.01,0,0,0,0.01,0.01,0.01,0,0,0,0
Waffle Cone #1,0.05,0.02,0.03,0.03,0.06,0.01,0.02,0,0.01,0,0,0,0.01,0.02,0,0,0.01,0,0,0,0,0,0
Mandarin Jack,0,0.03,0.02,0.01,0.03,0.01,0.02,0,0.01,0,0,0,0,0,0,0,0,0,0.01,0.05,0,0,0
Waffle Cone #2,0.06,0.02,0.05,0.04,0.05,0.01,0.02,0,0.01,0.02,0,0,0.01,0.01,0,0,0,0,0,0,0.02,0,0
Gaia's Fiyah #2,0.18,0.06,0.09,0.08,0.11,0.02,0.03,0.01,0.01,0,0,0,0.01,0.03,0,0.01,0.01,0,0.01,0,0,0,0
Medi Haze,0.23,0.08,0.06,0.03,0.05,0.02,0,0,0.01,0.02,0.01,0.01,0.01,0.01,0,0.01,0.02,0,0.03,0.25,0.03,0,0
FMJ #1,0.14,0.05,0.07,0.04,0.13,0.02,0,0.02,0.02,0,0,0.01,0.01,0.01,0.01,0.01,0.01,0,0.03,0.15,0,0,0
Lemon Headband,0.11,0.07,0.13,0.17,0.05,0.01,0.24,0,0.02,0,0.02,0.03,0.01,0.1,0.01,0.02,0,0,0,0.06,0,0,0
Han Solo Burger,0.24,0.09,0.1,0.06,0.18,0.02,0.3,0,0.02,0,0,0.01,0.01,0,0,0.01,0.02,0,0.02,0,0,0,0
Gorrilla Glue #4,0.36,0.13,0.11,0.07,0.07,0.03,0.3,0.02,0.03,0,0.01,0.01,0.01,0.01,0,0.01,0.02,0,0.03,0,0,0,0
Stroopwafel,0,0.09,0.05,0.03,0.13,0.01,0.26,0,0.02,0.02,0,0,0.01,0,0,0,0.01,0,0,0.22,0,0,0
FMJ #4,0.22,0.08,0.06,0.03,0.15,0.02,0,0.02,0.02,0,0.01,0.01,0.01,0.01,0,0.01,0.01,0,0.03,0.21,0,0,0
Runtz,0,0,0,0,0,0,0,0,0,0,0,0,0,0,0,0,0,0,0,0,0,0,0
Sweeties,0,0,0,0,0,0,0,0,0,0,0,0,0,0,0,0,0,0,0,0,0,0,0
Grape Cookies,0,0,0,0,0,0,0,0,0,0,0,0,0,0,0,0,0,0,0,0,0,0,0
Sour Alien OG,0,0,0,0,0,0,0,0,0,0,0,0,0,0,0,0,0,0,0,0,0,0,0
Ice Cream Cake,0,0,0,0,0,0,0,0,0,0,0,0,0,0,0,0,0,0,0,0,0,0,0
Blue Dream,0,0,0,0,0,0,0,0,0,0,0,0,0,0,0,0,0,0,0,0,0,0,0
Wedding Cake,0,0,0,0,0,0,0,0,0,0,0,0,0,0,0,0,0,0,0,0,0,0,0
Apple Fritters,0,0,0,0,0,0,0,0,0,0,0,0,0,0,0,0,0,0,0,0,0,0,0
Sour OG,0,0,0,0,0,0,0,0,0,0,0,0,0,0,0,0,0,0,0,0,0,0,0
Zookies,0,0,0,0,0,0,0,0,0,0,0,0,0,0,0,0,0,0,0,0,0,0,0
Mochi,0,0,0,0,0,0,0,0,0,0,0,0,0,0,0,0,0,0,0,0,0,0,0
Sunset Sherbet,0,0,0,0,0,0,0,0,0,0,0,0,0,0,0,0,0,0,0,0,0,0,0
Sunset Sherbet #2,0,0,0,0,0,0,0,0,0,0,0,0,0,0,0,0,0,0,0,0,0,0,0
Cheesecake,0,0,0,0,0,0,0,0,0,0,0,0,0,0,0,0,0,0,0,0,0,0,0
Skunk Hero,0,0.07,0.04,0.02,0.06,0.01,0.16,0,0.02,0,0,0,0.01,0.01,0,0,0.01,0,0.02,0.11,0,0,0
Purple Chem,0.28,0.08,0.09,0.05,0.11,0.02,0.49,0.01,0.02,0,0,0.01,0.01,0.01,0,0.01,0.01,0,0.02,0,0,0,0
Mac Cherry Breath,0.17,0.06,0.07,0.05,0.26,0.02,0.21,0,0.01,0,0.01,0.01,0.01,0.01,0,0.01,0.01,0,0.01,0,0,0,0
Slymer x Wilson,0.06,0.03,0.14,0.14,0.06,0.02,0.04,0.01,0.01,0,0,0.01,0.01,0.06,0,0.01,0.01,0,0,0,0.03,0.01,0
,0.1211578947,0.07328070175,0.06924561404,0.06607017544,0.09092982456,0.01731578947,0.08221052632,0.008754385965,0.0170877193,0.01785964912,0.01145614035,0.01328070175,0.01094736842,0.05266666667,0.01643859649,0.01161403509,0.01761403509,0.009210526316,0.01915789474,0.08107017544,0.009385964912,0.02366666667,0.01610526316